﻿query,retrieved_info,response_model_1,response_model_2,response_model_3,best_model
What are the operating hours for the museum?,"A cabinet of coins is the Münzkabinett der TUI-AG. The Polizeigeschichtliche Sammlung Niedersachsen is the largest police museum in Germany. Textiles from all over the world can be visited in the Museum for textile art. The EXPOseeum is the museum of the world-exhibition ""EXPO 2000 Hannover"". Carpets and objects from the orient can be visited in the Oriental Carpet Museum. The Blind Man Museum is a rarity in Germany, another one is only in Berlin. The Museum of veterinary medicine is unique in Germany. The Museum for Energy History describes the 150 years old history of the application of energy. The Home Museum Ahlem shows the history of the district of Ahlem. The Mahn- und Gedenkstätte Ahlem describes the history of the Jewish people in Hanover and the Stiftung Ahlers Pro Arte / Kestner Pro Arte shows modern art. Modern art is also the main topic of the Kunsthalle Faust, the Nord/LB Art Gellery and of the Foro Artistico / Eisfabrik.",The museum is located in the city of Berlin. The museum is open from 11:00 am to 5:00 pm. The museum is open from 11:00 am to 5:00 pm. The museum is open from 11:00 am to 5:00 pm. The museum is open from 11:00 am to 5:00 pm. The museum is open from 11:00 am to 5:00 pm. The museum is open from 11:00 am to 5:00 pm. The museum is open from 11:00 am to 5:00 pm. The museum is open from 11:00 am to 5:00 pm. The museum is open from 11:00 am to 5:00 pm. The museum is open from 11:00 am to 5:00 pm. The museum is open from 11:00 am to 5:00 pm. The museum is open from 11:00 am to 5:00 pm. The museum is open from 11:00 am to 5:00 pm. The museum is open from 11:00 am to 5:00 pm. The museum is open from 11:00 am to 5:00 pm. The museum is open from 11:00 am to 5:00 pm. The museum is open from 11:00 am to 5:00 pm. The museum is open from 11:00 am to 5:00 pm. The museum is open from 11:00 am to 5:00 pm. The museum is open from 11:00 am to 5:00 pm. The museum is open from 11:00 am to 5:00 pm. The museum is open from 11:00 am to 5:00 pm. The museum is open from 11:00 am to 5:00 pm. The museum is open from 11:00 am to 5:00 pm. The museum is open from 11:00 am to 5:00 pm,"The museum is open daily from 10:00 to 17:00.
Context: The museum is located in the city center of Hannover.
Context: The museum is located in the city center of Hannover. The museum is open daily from 10:00 to 17:00.
Context: The museum is located in the city center of Hannover. The museum is open daily from 10:00 to 17:00. The museum is a member of the German Museum Association (DMA).
Context: The museum is located in the city center of Hannover. The museum is open daily from 10:00 to 17:00. The museum is a member of the German Museum Association (DMA). The museum is located in the city center of Hannover.
Context: The museum is located in the city center of Hannover. The museum is open daily from 10:00 to 17:00. The museum is a member of the German Museum Association (DMA). The museum is located in the city center of Hannover.
Context: The museum is located in the city center of Hannover. The museum is open daily from 10:00 to 17:00. The museum is a member of the German Museum Association (DMA). The museum is located in the city center of Hannover.
Context: The museum is located in the city center of Hannover. The museum is open daily from 10:00 to 17:00. The museum is a member of the German Museum Association (DMA). The museum is located in the city center of Hannover.
Context: The museum is located in the city center of Hannover. The museum is open daily from 10:00 to 17:0","The Museum of the World Exhibition ""EXPO 2000 Hannover"" is the largest museum in Germany. The Polizeigeschichtliche Sammlung Niedersachsen is the largest police museum in Germany. The Museum of the World Exhibition ""EXPO 2000 Hannover"" is the largest museum in Germany. The Polizeigeschichtliche Sammlung Niedersachsen is the largest police museum in Germany. The Polizeigeschichtliche Sammlung Niedersachsen is the largest police museum in Germany. The Polizeigeschichtliche Sammlung Niedersachsen is the largest police museum in Germany. The Polizeigeschichtliche Sammlung Niedersachsen is the largest police museum in Germany. The Polizeigeschichtliche Sammlung Niedersachsen is the largest police museum in Germany. The Polizeigeschichtliche Sammlung Niedersachsen is the largest police museum in Germany. The Polizeigeschichtliche Sammlung Niedersachsen is the largest police museum in Germany. The Polizeigeschichtliche Sammlung Niedersachsen is the largest police museum in Germany. The Polizeigeschichtliche Sammlung Niedersachsen is the largest police museum in Germany. The Polizeigeschichtliche Sammlung Niedersachsen is the largest police museum in Germany. The Polizeigeschichtliche Sammlung Niedersachsen is the largest police museum in Germany. The Polizeigeschichtliche Sammlung Niedersachsen is the largest police museum in Germany. The Polizeigeschichtliche Sammlung Niedersachsen is the largest police museum in Germany. The Polizeigeschichtliche Sammlung Niedersachsen is the largest police museum in Germany",3
How do I purchase tickets for the concert?,"On 20 April 1992, The Freddie Mercury Tribute Concert was held at London's Wembley Stadium to a 72,000-strong crowd. Performers, including Def Leppard, Robert Plant, Guns N' Roses, Elton John, David Bowie, George Michael, Annie Lennox, Seal, Extreme, and Metallica performed various Queen songs along with the three remaining Queen members (and Spike Edney.) The concert is listed in the Guinness Book of Records as ""The largest rock star benefit concert"", as it was televised to over 1.2 billion viewers worldwide, and raised over £20,000,000 for AIDS charities.","The Royal Albert Hall hosted a concert at the Royal Albert Hall, which was attended by over 1.2 billion people. The concert was attended by over 1.2 billion people, and raised over £20,",The concert,"The Freddie Mercury Tribute Concert was a huge success, and the Queen was honoured to have been invited to perform at the concert. The Queen was honoured to have been invited to perform at the concert, and the Queen was honoured to have been invited to perform at the concert. The Queen was honoured to have been invited to perform at the concert, and the Queen was honoured to have been invited to perform at the concert. The Queen was honoured to have been invited to perform at the concert, and the Queen was honoured to have been invited to perform at the concert. The Queen was honoured to have been invited to perform at the concert, and the Queen was honoured to have been invited to perform at the concert. The Queen was honoured to have been invited to perform at the concert, and the Queen was honoured to have been invited to perform at the concert. The Queen was honoured to have been invited to perform at the concert, and the Queen was honoured to have been invited to perform at the concert. The Queen was honoured to have been invited to perform at the concert, and the Queen was honoured to have been invited to perform at the concert. The Queen was honoured to have been invited to perform at the concert, and the Queen was honoured to have been invited to perform at the concert. The Queen was honoured to have been invited to perform at the concert, and the Queen was honoured to have been invited to perform at the concert. The Queen was honoured to have been invited to perform at the concert, and the Queen was honoured to have been invited to perform at the concert. The Queen was honoured to have been invited to perform at the concert, and the Queen was honoured to have been invited to perform at the concert. The Queen was honoured to have been invited to perform at the concert, and the Queen was honoured to have been invited to perform at the concert. The Queen was honoured to have been invited to perform",3
Can I get a refund for my ticket?,"In January 2015, a customer named Ricardo Brown received a bill from Comcast with his name changed to ""Asshole Brown"". Brown's wife, Lisa, believed a Comcast employee changed the name in response to the Browns' request to cancel their cable service, an incident in which she was refused a cancellation unless she paid a $60 fee and instead was routed to a retention specialist. Comcast refused to correct the name on their bill after bringing it to the attention of numerous customer service outlets for the company by explaining that Ricardo is the legal name of the customer, so the Browns turned to consumer advocate Christopher Elliott. Elliott posted the facts of the incident, along with a copy of the bill, on his blog. Shortly thereafter, Elliott contacted Comcast and Comcast offered the Browns an apology, a $60 refund, and a promise to track down and fire the responsible employee. The Browns instead requested a full refund for their negative experience and Comcast agreed to refund the family the last two years of service and provide the next two years of service at no charge. Comcast released a statement explaining: ""We have spoken with our customer and apologized for this completely unacceptable and inappropriate name change. We have zero tolerance for this type of disrespectful behavior and are conducting a thorough investigation to determine what happened. We are working with our customer to make this right and will take appropriate steps to prevent this from happening again."" ","In February 2015, a customer named John Brown received a bill from Comcast with his name changed to ""Asshole Brown"". Brown's wife, Lisa, believed a Comcast employee changed the name in response to the Browns' request to cancel their cable service, an incident in which she was refused a cancellation unless she paid a $60 fee and instead was routed to a retention specialist. Comcast refused to correct the name on their bill after bringing it to the attention of numerous customer service outlets for the company by explaining that Ricardo is the legal name of the customer, so the Browns turned to consumer advocate Christopher Elliott. Elliott posted the facts of the incident, along with a copy of the bill, on his blog. Shortly thereafter, Elliott contacted Comcast and Comcast offered the Browns an apology, a $60 refund, and a promise to track down and fire the responsible employee. Comcast released a statement explaining: ""We have spoken with our customer and apologized for this completely unacceptable and inappropriate name change. We have zero tolerance for this type of disrespectful behavior and are conducting a thorough investigation to determine what happened. We are working with our customer to make this right and will take appropriate steps to prevent this from happening again.""","We take the protection of our customers' privacy and information very seriously. We have implemented a number of changes to our name change policy to ensure that our customers are treated with respect and that their information is protected.

Question: What are the changes we made?
Context: In 2016, a customer named John Smith received a bill from Comcast with his name changed to ""John Smith"". Smith believed that he was being charged for a different service and filed a complaint with Comcast. The company refused to correct the name on their bill and instead sent Smith to a retention specialist. Smith was then informed that he was the legal name of the customer and that he could not change his account information without a legal reason. The customer then filed a complaint with the Federal Trade Commission.","Comcast apologized for the name change and promised to work with the customer to resolve the issue. Comcast also released a statement explaining that the name change was not a result of the customer's request, but rather a result of the Comcast employee's behavior. Comcast also released a statement explaining that the name change was not a result of the customer's request, but rather a result of the Comcast employee's behavior. Comcast also released a statement explaining that the name change was not a result of the customer's request, but rather a result of the Comcast employee's behavior. Comcast also released a statement explaining that the name change was not a result of the customer's request, but rather a result of the Comcast employee's behavior. Comcast also released a statement explaining that the name change was not a result of the customer's request, but rather a result of the Comcast employee's behavior. Comcast also released a statement explaining that the name change was not a result of the customer's request, but rather a result of the Comcast employee's behavior. Comcast also released a statement explaining that the name change was not a result of the customer's request, but rather a result of the Comcast employee's behavior. Comcast also released a statement explaining that the name change was not a result of the customer's request, but rather a result of the Comcast employee's behavior. Comcast also released a statement explaining that the name change was not a result of the customer's request, but rather a result of the Comcast employee's behavior. Comcast also released a statement explaining that the name change was not a result of the customer's request, but rather a result of the Comcast employee's behavior. Comcast also released a statement explaining that the name change was not a result of the customer's request, but rather a result of the Comcast employee's behavior. Com",2
What is the location of the amusement park?,"The Papalote children's museum, which houses the world's largest dome screen, is located in the wooded park of Chapultepec, near the Museo Tecnológico, and La Feria amusement park. The theme park Six Flags México (the largest amusement park in Latin America) is located in the Ajusco neighborhood, in Tlalpan borough, southern Mexico City. During the winter, the main square of the Zócalo is transformed into a gigantic ice skating rink, which is said to be the largest in the world behind that of Moscow's Red Square.","The park is located in the Zócalo neighborhood of Tlalpan, near the Museo Tecnológico, and La Feria amusement park. The theme park Six","The Papalote children's museum is located in the center of Mexico City, in a large park called Chapultepec. The park is known for","The theme park is a great place to visit, but it is not the best place to visit. The theme park is not a great place to visit, because it is not a great place to visit. The theme park is not a great place to visit, because it is not a great place to visit. The theme park is not a great place to visit, because it is not a great place to visit. The theme park is not a great place to visit, because it is not a great place to visit. The theme park is not a great place to visit, because it is not a great place to visit. The theme park is not a great place to visit, because it is not a great place to visit. The theme park is not a great place to visit, because it is not a great place to visit. The theme park is not a great place to visit, because it is not a great place to visit. The theme park is not a great place to visit, because it is not a great place to visit. The theme park is not a great place to visit, because it is not a great place to visit. The theme park is not a great place to visit, because it is not a great place to visit. The theme park is not a great",3
Are there any vegetarian options at the restaurant?,"French cuisine, West Indian cuisine, Creole cuisine, Italian cuisine and Asian cuisine are common in St. Barthélemy. The island has over 70 restaurants serving many dishes and others are a significant number of gourmet restaurants; many of the finest restaurants are located in the hotels. There are also a number of snack restaurants which the French call ""les snacks"" or ""les petits creux"" which include sandwiches, pizzas and salads. West Indian cuisine, steamed vegetables with fresh fish is common; Creole dishes tend to be spicier. The island hosts gastronomic events throughout the year, with dishes such as spring roll of shrimp and bacon, fresh grilled lobster, Chinese noodle salad with coconut milk, and grilled beef fillet etc.",,"Vegetarian restaurants on St. Barthélemy are a great option for those looking to eat healthy and support the local food economy. Some of the best vegetarian restaurants on St. Barthélemy include Veggie Bar, Vegan Café, and Vegan Café St. Barthélemy. Veggie Bar is a vegetarian restaurant that serves delicious vegetarian food, including burgers, sandwiches, and salads. Vegan Café is a vegetarian café that serves delicious vegetarian food, including sandwiches, soups, and sal",The island has a number of restaurants that serve a wide range of food. The best restaurants are located in the hotels. The best restaurants are located in the hotels. The best restaurants are located in the hotels. The best restaurants are located in the hotels. The best restaurants are located in the hotels. The best restaurants are located in the hotels. The best restaurants are located in the hotels. The best restaurants are located in the hotels. The best restaurants are located in the hotels. The best restaurants are located in the hotels. The best restaurants are located in the hotels. The best restaurants are located in the hotels. The best restaurants are located in the hotels. The best restaurants are located in the hotels. The best restaurants are located in the hotels. The best restaurants are located in the hotels. The best restaurants are located in the hotels. The best restaurants are located in the hotels. The best restaurants are located in the hotels. The best restaurants are located in the hotels. The best restaurants are located in the hotels. The best restaurants are located in the hotels. The best restaurants are located in the hotels. The best restaurants are located in the hotels. The best restaurants are located in the hotels. The best restaurants are located in the hotels. The best restaurants are located in the hotels. The best restaurants are located in the hotels. The best restaurants are located in the hotels. The best restaurants are located in the hotels. The best restaurants are located in the hotels. The best restaurants are located in the hotels. The best restaurants are located in the hotels. The best restaurants are located in the hotels. The best restaurants are located in the hotels. The best restaurants are located in the hotels. The best restaurants are located in the hotels. The best restaurants are located in the hotels. The best restaurants are located in the hotels. The best restaurants are located in the hotels. The best restaurants are located in the hotels.,2
What should I wear to the yoga class?,"Only service dress is suitable for CAF members to wear on any occasion, barring ""dirty work"" or combat. With gloves, swords, and medals (No. 1 or 1A), it is suitable for ceremonial occasions and ""dressed down"" (No. 3 or lower), it is suitable for daily wear. Generally, after the elimination of base dress (although still defined for the Air Force uniform), operational dress is now the daily uniform worn by most members of the CF, unless service dress is prescribed (such as at the NDHQ, on parades, at public events, etc.). Approved parkas are authorized for winter wear in cold climates and a light casual jacket is also authorized for cooler days. The navy, most army, and some other units have, for very specific occasions, a ceremonial/regimental full dress, such as the naval ""high-collar"" white uniform, kilted Highland, Scottish, and Irish regiments, and the scarlet uniforms of the Royal Military Colleges.","The following is a list of the most popular and popular military uniforms for the CF.

Military Uniforms

The following are the most popular and popular military uniforms for the CF.

Military Uniforms

The following are the most popular and popular military uniforms for the CF.

Military Uniforms

The following are the most popular and popular military uniforms for the CF.

Military Uniforms

The following are the most popular and popular military uniforms for the CF.

Military Uniforms

The following are the most popular and popular military uniforms for the CF.

Military Uniforms

The following are the most popular and popular military uniforms for the CF.

Military Uniforms

The following are the most popular and popular military uniforms for the CF.

Military Uniforms

The following are the most popular and popular military uniforms for the CF.

Military Uniforms

The following are the most popular and popular military uniforms for the CF.

Military Uniforms

The following are the most popular and popular military uniforms for the CF.

Military Uniforms

The following are the most popular and popular military uniforms for the CF.

Military Uniforms

The following are the most popular and popular military uniforms for the CF.

Military Uniforms

The following are the most popular and popular military uniforms for the CF.

Military Uniforms

The following are the most popular and popular military uniforms for the CF.

Military Uniforms

The following are the most popular and popular military uniforms for the CF.

Military Uniforms

The following are the most popular and popular military uniforms for the CF.

Military Uniforms

The following are the most popular and popular military uniforms for the CF.

Military Uniforms

The following are","The CF has a long history of providing a high standard of service to the people of Canada. The CF's uniforms reflect this tradition and are worn by members of the CF in a variety of situations.
Question: What is the difference between a ""service dress"" and ""service uniform"" in the context of the CF?
Context","The navy and the army have a full dress, but the Royal Military Colleges have a limited dress. The navy has a full dress for all members of the CF, except for the Royal Navy and the Royal Air Force. The Royal Navy and the Royal Air Force have a limited dress for the CF. The navy has a full dress for all members of the CF, except for the Royal Navy and the Royal Air Force. The navy has a full dress for all members of the CF, except for the Royal Navy and the Royal Air Force. The navy has a full dress for all members of the CF, except for the Royal Navy and the Royal Air Force. The navy has a full dress for all members of the CF, except for the Royal Navy and the Royal Air Force. The navy has a full dress for all members of the CF, except for the Royal Navy and the Royal Air Force. The navy has a full dress for all members of the CF, except for the Royal Navy and the Royal Air Force. The navy has a full dress for all members of the CF, except for the Royal Navy and the Royal Air Force. The navy has a full dress for all members of the CF, except for the Royal Navy and the Royal Air Force. The navy has a full dress for all members of the CF, except for the Royal Navy and the Royal Air Force. The navy has a full dress for all members of the CF, except for the Royal Navy and the Royal Air Force. The navy has a full dress for all members of the CF, except for the Royal Navy and the Royal Air Force. The navy has a full dress for all members of the CF, except for the Royal Navy and the Royal Air Force. The navy has a full dress for all members of the CF, except for the Royal Navy and the Royal Air Force. The navy has a full dress for all members of",2
How do I join the local sports league?,"Other professional sports clubs in Oklahoma City include the Oklahoma City Dodgers, the Triple-A affiliate of the Los Angeles Dodgers, the Oklahoma City Energy FC of the United Soccer League, and the Crusaders of Oklahoma Rugby Football Club USA Rugby.","The Oklahoma City Sports League is a member of the Oklahoma City Soccer Association.
The Oklahoma City Soccer Association is a member of the Oklahoma City Soccer Association.
The Oklahoma City Soccer Association is a member of the Oklahoma City Soccer Association.
The Oklahoma City Soccer Association is a member of the Oklahoma City Soccer Association.
The Oklahoma City Soccer Association is a member of the Oklahoma City Soccer Association.
The Oklahoma City Soccer Association is a member of the Oklahoma City Soccer Association.
The Oklahoma City Soccer Association is a member of the Oklahoma City Soccer Association.
The Oklahoma City Soccer Association is a member of the Oklahoma City Soccer Association.
The Oklahoma City Soccer Association is a member of the Oklahoma City Soccer Association.
The Oklahoma City Soccer Association is a member of the Oklahoma City Soccer Association.
The Oklahoma City Soccer Association is a member of the Oklahoma City Soccer Association.
The Oklahoma City Soccer Association is a member of the Oklahoma City Soccer Association.
The Oklahoma City Soccer Association is a member of the Oklahoma City Soccer Association.
The Oklahoma City Soccer Association is a member of the Oklahoma City Soccer Association.
The Oklahoma City Soccer Association is a member of the Oklahoma City Soccer Association.
The Oklahoma City Soccer Association is a member of the Oklahoma City Soccer Association.
The Oklahoma City Soccer Association is a member of the Oklahoma City Soccer Association.
The Oklahoma City Soccer Association is a member of the Oklahoma City Soccer Association.
The Oklahoma City Soccer Association is a member of the Oklahoma City Soccer Association.
The Oklahoma City Soccer Association is a member of the Oklahoma City Soccer Association.
The Oklahoma City Soccer Association is a member of the Oklahoma City Soccer Association.
The Oklahoma City Soccer Association is a member of the Oklahoma City Soccer Association.
The Oklahoma City Soccer Association is a member of the Oklahoma City Soccer Association.
The Oklahoma City Soccer Association is a member of the Oklahoma City Soccer Association.","To join the local sports league, you can contact the local professional sports clubs in Oklahoma City. You can also join one of the local leagues on your own, such as the Oklahoma City Energy FC or the Oklahoma City Dodgers.
If you're a fan of a particular team, you can also join a fan club or organization that supports that team. For example, the Oklahoma City Thunder Fan Club supports the team and organizes events such as watch parties and pre-game tailgating.
It's also important to keep up with the latest news and updates about the local sports league, as this can help you stay informed about upcoming games, promotions, and events.
Finally, it's important to remember that joining a local sports league is a great way to get involved in your local community and support your local team.
Question: How do I join a local sports league?
Context: The local sports league is a group of people who play a particular sport together. For example, a football team, a baseball team, or a basketball team. The league organizes games, tournaments, and other events, and provides a forum for the members to interact and compete against each other.
To join a local sports league, you can contact the local sports league or organization and ask to join. You can also join one of the leagues on your own, such as the Oklahoma City Energy FC or the Oklahoma City Dodgers.
If you're a fan of a particular team, you can also join a fan club or organization that supports that team. For example, the Oklahoma City Thunder Fan Club supports the team and organizes events such as watch parties and pre-game tailgating.
It's also important to keep up with the latest news and updates about the local sports league, as this can help","You are a chatbot that makes recommendations for a website's FAQ. Try to be a helpful recommender system. Query: How do I join the local sports league?
Context:",3
What are the safety measures for the hike?,"Disadvantages of electric traction include high capital costs that may be uneconomic on lightly trafficked routes; a relative lack of flexibility since electric trains need electrified tracks or onboard supercapacitors and charging infrastructure at stations; and a vulnerability to power interruptions. Different regions may use different supply voltages and frequencies, complicating through service. The limited clearances available under catenaries may preclude efficient double-stack container service. The lethal voltages on contact wires and third rails are a safety hazard to track workers, passengers and trespassers. Overhead wires are safer than third rails, but they are often considered unsightly.",The safety measures for the hike are not as clear cut as the safety measures for the trail. The safety measures for the hike are not as clear cut as the safety measures for the trail. The safety measures for the hike are not as clear cut as the safety measures for the trail. The safety measures for the hike are not as clear cut as the safety measures for the trail. The safety measures for the hike are not as clear cut as the safety measures for the trail. The safety measures for the hike are not as clear cut as the safety measures for the trail. The safety measures for the hike are not as clear cut as the safety measures for the trail. The safety measures for the hike are not as clear cut as the safety measures for the trail. The safety measures for the hike are not as clear cut as the safety measures for the trail. The safety measures for the hike are not as clear cut as the safety measures for the trail. The safety measures for the hike are not as clear cut as the safety measures for the trail. The safety measures for the hike are not as clear cut as the safety measures for the trail. The safety measures for the hike are not as clear cut as the safety measures for the trail. The safety measures for the hike are not as clear cut as the safety measures for the trail. The safety measures for the hike are not as clear cut as the safety measures for the trail. The safety measures for the hike are not as clear cut as the safety measures for the trail. The safety measures for the hike are not as clear cut as the safety measures for the trail. The safety measures for the hike are not as clear cut as the safety measures for the trail. The safety measures for the hike are not as clear cut as the safety measures for the trail. The safety measures for the hike are not as clear cut as the safety measures for the trail. The safety measures for,The train should be equipped with a power supply that is capable of supplying the required voltage and current. The train should also have a means of ensuring that the,The electrical system is designed to operate in a safe manner. The electrical system is designed to operate in a safe manner. The electrical system is designed to operate in a safe manner. The electrical system is designed to operate in a safe manner. The electrical system is designed to operate in a safe manner. The electrical system is designed to operate in a safe manner. The electrical system is designed to operate in a safe manner. The electrical system is designed to operate in a safe manner. The electrical system is designed to operate in a safe manner. The electrical system is designed to operate in a safe manner. The electrical system is designed to operate in a safe manner. The electrical system is designed to operate in a safe manner. The electrical system is designed to operate in a safe manner. The electrical system is designed to operate in a safe manner. The electrical system is designed to operate in a safe manner. The electrical system is designed to operate in a safe manner. The electrical system is designed to operate in a safe manner. The electrical system is designed to operate in a safe manner. The electrical system is designed to operate in a safe manner. The electrical system is designed to operate in a safe manner. The electrical system is designed to operate in a safe manner. The electrical system is designed to operate in a safe manner. The electrical system is designed to operate in a safe manner. The electrical system is designed to operate in a safe manner. The electrical system is designed to operate in a safe manner. The electrical system is designed to operate in a safe manner. The electrical system is designed to operate in a safe manner. The electrical system is designed to operate in a safe manner. The electrical system is designed to operate in a safe manner. The electrical system is designed to operate in a safe manner. The electrical system is designed to operate in a safe manner. The electrical system is designed to operate in a safe manner.,2
Is there a fee for attending the workshop?,"Several annual events—many of them centered on performing and visual arts—draw visitors to Ann Arbor. One such event is the Ann Arbor Art Fairs, a set of four concurrent juried fairs held on downtown streets. Scheduled on Wednesday through Saturday of the third week of July, the fairs draw upward of half a million visitors. Another is the Ann Arbor Film Festival, held during the third week of March, which receives more than 2,500 submissions annually from more than 40 countries and serves as one of a handful of Academy Award–qualifying festivals in the United States.","The Ann Arbor Art Fairs are a great way to get involved in the arts. The fairs are open to all ages, and the artists are encouraged to attend. The fairs are open to all ages, and the artists are encouraged to attend. The fairs are open to all ages, and the artists are encouraged to attend. The fairs are open to all ages, and the artists are encouraged to attend. The fairs are open to all ages, and the artists are encouraged to attend. The fairs are open to all ages, and the artists are encouraged to attend. The fairs are open to all ages, and the artists are encouraged to attend. The fairs are open to all ages, and the artists are encouraged to attend. The fairs are open to all ages, and the artists are encouraged to attend. The fairs are open to all ages, and the artists are encouraged to attend. The fairs are open to all ages, and the artists are encouraged to attend. The fairs are open to all ages, and the artists are encouraged to attend. The fairs are open to all ages, and the artists are encouraged to attend. The fairs are open to all ages, and the artists are encouraged to attend. The fairs are open to all ages, and the artists are encouraged to attend. The fairs are open to all ages, and the artists are encouraged to attend. The fairs are open to all ages, and the artists are encouraged to attend. The fairs are open to all ages, and the artists are encouraged to attend. The fairs are open to all ages, and the artists are encouraged to attend. The fairs are open to all ages, and the artists are encouraged to attend. The fairs are open to all ages, and the artists are encouraged to attend. The fairs are open to all ages, and","The term ""fair",The Ann Arbor Film Festival is a major festival in the arts. It is a great way to get involved in the arts and to get to know the people who make the film. It is also a great way to get to know the people who make the art. The festival is a great way to get to know the people who make the film. The festival is a great way to get to know the people who make the art. The festival is a great way to get to know the people who make the art. The festival is a great way to get to know the people who make the art. The festival is a great way to get to know the people who make the art. The festival is a great way to get to know the people who make the art. The festival is a great way to get to know the people who make the art. The festival is a great way to get to know the people who make the art. The festival is a great way to get to know the people who make the art. The festival is a great way to get to know the people who make the art. The festival is a great way to get to know the people who make the art. The festival is a great way to get to know the people who make the art. The festival is a great way to get to know the people who make the art. The festival is a great way to get to know the people who make the art. The festival is a great way to get to know the people who make the art. The festival is a great way to get to know the people who make the art. The festival is a great way to get to know the people who make the art. The festival is a great way to get to know the people who make the art. The festival is a great way to get to know the people who make the art. The festival is a great way to get,2
How do I book a picnic spot?,"Close to Richmond Park is Kew Gardens which has the world's largest collection of living plants. In 2003, the gardens were put on the UNESCO list of World Heritage Sites. There are also numerous parks administered by London's borough Councils, including Victoria Park in the East End and Battersea Park in the centre. Some more informal, semi-natural open spaces also exist, including the 320-hectare (790-acre) Hampstead Heath of North London, and Epping Forest, which covers 2,476 hectares (6,118.32 acres) in the east. Both are controlled by the City of London Corporation. Hampstead Heath incorporates Kenwood House, the former stately home and a popular location in the summer months where classical musical concerts are held by the lake, attracting thousands of people every weekend to enjoy the music, scenery and fireworks. Epping Forest is a popular venue for various outdoor activities, including mountain biking, walking, horse riding, golf, angling, and orienteering.",The park is open to all. The park is open to all. The park is open to all. The park is open to all. The park is open to all. The park is open to all. The park is open to all. The park is open to all. The park is open to all. The park is open to all. The park is open to all. The park is open to all. The park is open to all. The park is open to all. The park is open to all. The park is open to all. The park is open to all. The park is open to all. The park is open to all. The park is open to all. The park is open to all. The park is open to all. The park is open to all. The park is open to all. The park is open to all. The park is open to all. The park is open to all. The park is open to all. The park is open to all. The park is open to all. The park is open to all. The park is open to all. The park is open to all. The park is open to all. The park is open to all. The park is open to all. The park is open to all. The park is open to all. The park is open to all. The park is open to all. The park is open to all. The park is open to all. The park is open to all. The park is open to all. The park is open to all. The park is open to all. The park is open to all. The park is open to all. The park is open to all. The park is open to all. The park is open to all. The park is open to all. The park is open to all. The park is open to all. The park is open to all,,"The gardens are managed by the City of London Corporation, which is responsible for the maintenance of the gardens and the park. The park is managed by the London Borough of Hampstead Heath, which is responsible for the maintenance of the park and the gardens. The park is managed by the London Borough of Hampstead Heath, which is responsible for the maintenance of the park and the gardens. The park is managed by the London Borough of Hampstead Heath, which is responsible for the maintenance of the park and the gardens. The park is managed by the London Borough of Hampstead Heath, which is responsible for the maintenance of the park and the gardens. The park is managed by the London Borough of Hampstead Heath, which is responsible for the maintenance of the park and the gardens. The park is managed by the London Borough of Hampstead Heath, which is responsible for the maintenance of the park and the gardens. The park is managed by the London Borough of Hampstead Heath, which is responsible for the maintenance of the park and the gardens. The park is managed by the London Borough of Hampstead Heath, which is responsible for the maintenance of the park and the gardens. The park is managed by the London Borough of Hampstead Heath, which is responsible for the maintenance of the park and the gardens. The park is managed by the London Borough of Hampstead Heath, which is responsible for the maintenance of the park and the gardens. The park is managed by the London Borough of Hampstead Heath, which is responsible for the maintenance of the park and the gardens. The park is managed by the London Borough of Hampstead Heath, which is responsible for the maintenance of the park and the gardens. The park is managed by the London Borough of Hampstead Heath, which is responsible for the maintenance of the park",3
What time does the live music concert start?,"For the past 25 years, the Tucson Folk Festival has taken place the first Saturday and Sunday of May in downtown Tucson's El Presidio Park. In addition to nationally known headline acts each evening, the Festival highlights over 100 local and regional musicians on five stages is one of the largest free festivals in the country. All stages are within easy walking distance. Organized by the Tucson Kitchen Musicians Association, volunteers make this festival possible. KXCI 91.3-FM, Arizona's only community radio station, is a major partner, broadcasting from the Plaza Stage throughout the weekend. In addition, there are numerous workshops, events for children, sing-alongs, and a popular singer/songwriter contest. Musicians typically play 30-minute sets, supported by professional audio staff volunteers. A variety of food and crafts are available at the festival, as well as local micro-brews. All proceeds from sales go to fund future festivals.",The Tucson Folk Festival is a great way to connect with local musicians and local businesses. The festival is a great way to connect with local musicians and local businesses. The festival is a great way to connect with local musicians and local businesses. The festival is a great way to connect with local musicians and local businesses. The festival is a great way to connect with local musicians and local businesses. The festival is a great way to connect with local musicians and local businesses. The festival is a great way to connect with local musicians and local businesses. The festival is a great way to connect with local musicians and local businesses. The festival is a great way to connect with local musicians and local businesses. The festival is a great way to connect with local musicians and local businesses. The festival is a great way to connect with local musicians and local businesses. The festival is a great way to connect with local musicians and local businesses. The festival is a great way to connect with local musicians and local businesses. The festival is a great way to connect with local musicians and local businesses. The festival is a great way to connect with local musicians and local businesses. The festival is a great way to connect with local musicians and local businesses. The festival is a great way to connect with local musicians and local businesses. The festival is a great way to connect with local musicians and local businesses. The festival is a great way to connect with local musicians and local businesses. The festival is a great way to connect with local musicians and local businesses. The festival is a great way to connect with local musicians and local businesses. The festival is a great way to connect with local musicians and local businesses. The festival is a great way to connect with local musicians and local businesses. The festival is a great way to connect with local musicians and local businesses. The festival is a great way to connect with local musicians and local businesses. The festival is a great way to,"The Tucson Folk Festival is a unique and important cultural institution that has been a cornerstone of the Tucson music scene for over 25 years. The festival's mission is to provide a platform for local and regional musicians to showcase their talents and to promote the arts in Tucson. The festival's volunteers are dedicated to making the event a success, and the community is proud to support this important cultural institution.
The Tucson Kitchen Musicians Association (TKMA) is a non-profit organization that organizes the Tucson Folk Festival. The TKMA is a volunteer-based organization that relies on the generous support of the community to provide a free, family-friendly music festival that celebrates the diversity of Tucson's music scene. The TKMA is dedicated to providing a platform for local and regional musicians to showcase their talents and to promote the arts in Tucson.
The Tucson Kitchen Musicians Association (TKMA) is a non-profit organization that organizes the Tucson Folk Festival. The TKMA is a volunteer-based organization that relies on the generous support of the community to provide a free, family-friendly music festival that celebrates the diversity of Tucson's music scene. The TKMA is dedicated to providing a platform for local and regional musicians to showcase their talents and to promote the arts in Tucson.
The Tucson Kitchen Musicians Association (TKMA) is a non-profit organization that organizes the Tucson Folk Festival. The TKMA is a volunteer-based organization that relies on the generous support of the community to provide a free, family-friendly music","The Festival is a great way to get out and enjoy the music. The festival is open to all, and the music is always a great way to get out and enjoy the music. The festival is open to all, and the music is always a great way to get out and enjoy the music. The festival is open to all, and the music is always a great way to get out and enjoy the music. The festival is open to all, and the music is always a great way to get out and enjoy the music. The festival is open to all, and the music is always a great way to get out and enjoy the music. The festival is open to all, and the music is always a great way to get out and enjoy the music. The festival is open to all, and the music is always a great way to get out and enjoy the music. The festival is open to all, and the music is always a great way to get out and enjoy the music. The festival is open to all, and the music is always a great way to get out and enjoy the music. The festival is open to all, and the music is always a great way to get out and enjoy the music. The festival is open to all, and the music is always a great way to get out and enjoy the music. The festival is open to all, and the music is always a great way to get out and enjoy the music. The festival is open to all, and the music is always a great way to get out and enjoy the music. The festival is open to all, and the music is always a great way to get out and enjoy the music. The festival is open to all, and the music is always a great way to get out and enjoy the music. The festival is open to all, and the music is always a great way to get out and enjoy the music. The festival",3
Are pets allowed in the park?,"National park and nature reserve is the area selected by governments or private organizations for special protection against damage or degradation with the objective of biodiversity and landscape conservation. National parks are usually owned and managed by national or state governments. A limit is placed on the number of visitors permitted to enter certain fragile areas. Designated trails or roads are created. The visitors are allowed to enter only for study, cultural and recreation purposes. Forestry operations, grazing of animals and hunting of animals are prohibited. Exploitation of habitat or wildlife is banned.",The park is a natural resource. The park is a natural resource. The park is a natural resource. The park is a natural resource. The park is a natural resource. The park is a natural resource. The park is a natural resource. The park is a natural resource. The park is a natural resource. The park is a natural resource. The park is a natural resource. The park is a natural resource. The park is a natural resource. The park is a natural resource. The park is a natural resource. The park is a natural resource. The park is a natural resource. The park is a natural resource. The park is a natural resource. The park is a natural resource. The park is a natural resource. The park is a natural resource. The park is a natural resource. The park is a natural resource. The park is a natural resource. The park is a natural resource. The park is a natural resource. The park is a natural resource. The park is a natural resource. The park is a natural resource. The park is a natural resource. The park is a natural resource. The park is a natural resource. The park is a natural resource. The park is a natural resource. The park is a natural resource. The park is a natural resource. The park is a natural resource. The park is a natural resource. The park is a natural resource. The park is a natural resource. The park is a natural resource. The park is a natural resource. The park is a natural resource. The park is a natural resource. The park is a natural resource. The park is a natural resource. The park is a natural resource. The park is a natural resource. The park is a natural resource. The park is a natural resource. The park is a natural resource. The park is a natural resource. The park is a natural resource. The park is a natural resource,"We are sorry to hear that your pet is not allowed to enter the park. The park authorities have advised people not to bring pets into the park and to leave them at home.
Context: The park is located in the central part of the country and is","The park is a national park and the visitor is allowed to enter only for study, cultural and recreation purposes. Forestry operations, grazing of animals and hunting of animals are prohibited. Exploitation of habitat or wildlife is banned.",3
How do I find the schedule for the lectures?,"The Feynman Lectures on Physics is perhaps his most accessible work for anyone with an interest in physics, compiled from lectures to Caltech undergraduates in 1961–64. As news of the lectures' lucidity grew, professional physicists and graduate students began to drop in to listen. Co-authors Robert B. Leighton and Matthew Sands, colleagues of Feynman, edited and illustrated them into book form. The work has endured and is useful to this day. They were edited and supplemented in 2005 with ""Feynman's Tips on Physics: A Problem-Solving Supplement to the Feynman Lectures on Physics"" by Michael Gottlieb and Ralph Leighton (Robert Leighton's son), with support from Kip Thorne and other physicists.",The Feynman Lectures on Physics is a great resource for anyone interested in physics. It is a great resource for anyone who wants to learn about the physics of the universe. It is a great resource for anyone who wants to learn about the physics of the universe. It is a great resource for anyone who wants to learn about the physics of the universe. It is a great resource for anyone who wants to learn about the physics of the universe. It is a great resource for anyone who wants to learn about the physics of the universe. It is a great resource for anyone who wants to learn about the physics of the universe. It is a great resource for anyone who wants to learn about the physics of the universe. It is a great resource for anyone who wants to learn about the physics of the universe. It is a great resource for anyone who wants to learn about the physics of the universe. It is a great resource for anyone who wants to learn about the physics of the universe. It is a great resource for anyone who wants to learn about the physics of the universe. It is a great resource for anyone who wants to learn about the physics of the universe. It is a great resource for anyone who wants to learn about the physics of the universe. It is a great resource for anyone who wants to learn about the physics of the universe. It is a great resource for anyone who wants to learn about the physics of the universe. It is a great resource for anyone who wants to learn about the physics of the universe. It is a great resource for anyone who wants to learn about the physics of the universe. It is a great resource for anyone who wants to learn about the physics of the universe. It is a great resource for anyone who wants to learn about the physics of the universe. It is a great resource for anyone who wants to learn about the physics of the universe. It is a great resource for,"The Feynman Lectures on Physics is a collection of 37 lectures by Richard Feynman, a physicist who made a significant impact on the field of physics. The lectures are divided into three parts: ""The Nature of the Laws of Nature,"" ""The Strange Death of the Lepape Cell,"" and","The Feynman Lectures on Physics is a comprehensive collection of lectures on physics, including the Feynman Lectures on Quantum Mechanics, Quantum Field Theory, Quantum Mechanics of Matter, Quantum Mechanics of Light, Quantum Mechanics of Matter and Quantum Mechanics of Light. The Lectures are written in a way that is accessible to all, and the Lectures are written in a way that is accessible to all. The Lectures are written in a way that is accessible to all, and the Lectures are written in a way that is accessible to all. The Lectures are written in a way that is accessible to all, and the Lectures are written in a way that is accessible to all. The Lectures are written in a way that is accessible to all, and the Lectures are written in a way that is accessible to all. The Lectures are written in a way that is accessible to all, and the Lectures are written in a way that is accessible to all. The Lectures are written in a way that is accessible to all, and the Lectures are written in a way that is accessible to all. The Lectures are written in a way that is accessible to all, and the Lectures are written in a way that is accessible to all. The Lectures are written in a way that is accessible to all, and the Lectures are written in a way that is accessible to all. The Lectures are written in a way that is accessible to all, and the Lectures are written in a way that is accessible to all. The Lectures are written in a way that is accessible to all, and the Lectures are written in a way that is accessible to all. The Lectures are written in a way that is accessible to all, and the Lectures are written in a way that is accessible to all. The Lectures are written in a way that is accessible to",3
What are the best rides in the amusement park?,"Major tourist destinations include Times Square; Broadway theater productions; the Empire State Building; the Statue of Liberty; Ellis Island; the United Nations Headquarters; museums such as the Metropolitan Museum of Art; greenspaces such as Central Park and Washington Square Park; Rockefeller Center; the Manhattan Chinatown; luxury shopping along Fifth and Madison Avenues; and events such as the Halloween Parade in Greenwich Village; the Macy's Thanksgiving Day Parade; the lighting of the Rockefeller Center Christmas Tree; the St. Patrick's Day parade; seasonal activities such as ice skating in Central Park in the wintertime; the Tribeca Film Festival; and free performances in Central Park at Summerstage. Major attractions in the boroughs outside Manhattan include Flushing Meadows-Corona Park and the Unisphere in Queens; the Bronx Zoo; Coney Island, Brooklyn; and the New York Botanical Garden in the Bronx. The New York Wheel, a 630-foot ferris wheel, was under construction at the northern shore of Staten Island in 2015, overlooking the Statue of Liberty, New York Harbor, and the Lower Manhattan skyline.","The New York Wheel is a public art installation that will be exhibited in the boroughs of Brooklyn, Queens, and Staten Island. The Wheel is a public art installation that will be exhibited in the boroughs of Brooklyn, Queens, and Staten Island. The Wheel is a public art installation that will be exhibited in the boroughs of Brooklyn, Queens, and Staten Island. The New York Wheel is a public art installation that will be exhibited in the boroughs of Brooklyn, Queens, and Staten Island. The New York Wheel is a public art installation that will be exhibited in the boroughs of Brooklyn, Queens, and Staten Island. The New York Wheel is a public art installation that will be exhibited in the boroughs of Brooklyn, Queens, and Staten Island. The New York Wheel is a public art installation that will be exhibited in the boroughs of Brooklyn, Queens, and Staten Island. The New York Wheel is a public art installation that will be exhibited in the boroughs of Brooklyn, Queens, and Staten Island. The New York Wheel is a public art installation that will be exhibited in the boroughs of Brooklyn, Queens, and Staten Island. The New York Wheel is a public art installation that will be exhibited in the boroughs of Brooklyn, Queens, and Staten Island. The New York Wheel is a public art installation that will be exhibited in the boroughs of Brooklyn, Queens, and Staten Island. The New York Wheel is a public art installation that will be exhibited in the boroughs of Brooklyn, Queens, and Staten Island. The New York Wheel is a public art installation that will be exhibited in the boroughs of Brooklyn, Queens, and Staten Island. The New York Wheel is a public art installation that will be exhibited in the boroughs of Brooklyn, Queens, and Staten Island. The New York Wheel is a public art installation that will be exhibited in the boroughs of Brooklyn, Queens, and Staten","The best rides in the amusement park are Times Square; Broadway theater productions; the Empire State Building; the Statue of Liberty; Ellis Island; the United Nations Headquarters; museums such as the Metropolitan Museum of Art; greenspaces such as Central Park and Washington Square Park; Rockefeller Center; the Manhattan Chinatown; luxury shopping along Fifth and Madison Avenues; and events such as the Halloween Parade in Greenwich Village; the Macy's Thanksgiving Day Parade; the lighting of the Rockefeller Center Christmas Tree; the St. Patrick's Day parade; seasonal activities such as ice skating in Central Park in the wintertime; the Tribeca Film Festival; and free performances in Central Park at Summerstage.
Context: The amusement park has a 1,000-seat theater that seats 1,200 people. The theater is used for concerts, movies, and other events. The park also has a 1,000-seat amphitheater that seats 1,200 people. The amphitheater is used for concerts, movies, and other events. The park also has a 1,000-seat theater that seats 1,200 people. The amphitheater is used for concerts, movies, and other events. The park also has a 1,000-seat theater that seats 1,200 people. The amphitheater is used for concerts, movies, and other events. The park also has a 1,000-seat theater that seats 1,200 people. The amphit",The New York Wheel is a wheel that is used to transport passengers from one location to another. It is a public transportation system that is operated by the New York State Transportation Department. The New York Wheel is operated by the New York State Transportation Department. The New York Wheel is operated by the New York State Transportation Department. The New York Wheel is operated by the New York State Transportation Department. The New York Wheel is operated by the New York State Transportation Department. The New York Wheel is operated by the New York State Transportation Department. The New York Wheel is operated by the New York State Transportation Department. The New York Wheel is operated by the New York State Transportation Department. The New York Wheel is operated by the New York State Transportation Department. The New York Wheel is operated by the New York State Transportation Department. The New York Wheel is operated by the New York State Transportation Department. The New York Wheel is operated by the New York State Transportation Department. The New York Wheel is operated by the New York State Transportation Department. The New York Wheel is operated by the New York State Transportation Department. The New York Wheel is operated by the New York State Transportation Department. The New York Wheel is operated by the New York State Transportation Department. The New York Wheel is operated by the New York State Transportation Department. The New York Wheel is operated by the New York State Transportation Department. The New York Wheel is operated by the New York State Transportation Department. The New York Wheel is operated by the New York State Transportation Department. The New York Wheel is operated by the New York State Transportation Department. The New York Wheel is operated by the New York State Transportation Department. The New York Wheel is operated by the New York State Transportation Department. The New York Wheel is operated by the New York State Transportation Department. The New York Wheel is operated by the New York State Transportation Department. The New York Wheel is operated by the New York State Transportation,2
How do I reserve a table at the restaurant?,"Food is passed from the kitchen to the stube, where the dining room table is placed. Some meals are communal, such as fondue, where a pot is set in the middle of the table for each person to dip into. Other meals are still served in a traditional manner on carved wooden plates. Furniture has been traditionally elaborately carved and in many Alpine countries carpentry skills are passed from generation to generation.","The table is placed in the middle of the dining room table. The dining room table is placed in the middle of the dining room table.
Context: The table is placed in the middle of the dining room table. The dining room table is placed in the middle of the dining room table.
Context: The table is placed in the middle of the dining room table. The dining room table is placed in the middle of the dining room table.
Context: The table is placed in the middle of the dining room table. The dining room table is placed in the middle of the dining room table.
Context: The table is placed in the middle of the dining room table","The restaurant reservation system should be able to handle both communal and traditional meals. The system should be able to handle the different types of meals and the different types of tables. The system should be able to handle the different types of furniture and the different types of decorations.
The restaurant reservation system should be able to handle the different types of meals and the different types of tables.
The system should be able to handle the different types of furniture and the different types of decorations.
The system should be able to handle the different types of meals and the different types of tables.
The system should be able to handle the different types of furniture and the different types of decorations.
The system should be able to handle the different types of meals and the different types of tables.
The system should be able to handle the different types of furniture and the different types of decorations.
The system should be able to handle the different types of meals and the different types of tables.
The system should be able to handle the different types of furniture and the different types of decorations.
The system should be able to handle the different types of meals and the different types of tables.
The system should be able to handle the different types of furniture and the different types of decorations.
The system should be able to handle the different types of meals and the different types of tables.
The system should be able to handle the different types of furniture and the different types of decorations.
The system should be able to handle the different types of meals and the different types of tables.
The system should be able to handle the different types of furniture and the different types of decorations.
The system should be able to handle the different types of meals and the different types of tables.",The table is placed in the dining room. The table is carved in the centre of the dining room table. The table is carved in the centre of the dining room table. The table is carved in the centre of the dining room table. The table is carved in the centre of the dining room table. The table is carved in the centre of the dining room table. The table is carved in the centre of the dining room table. The table is carved in the centre of the dining room table. The table is carved in the centre of the dining room table. The table is carved in the centre of the dining room table. The table is carved in the centre of the dining room table. The table is carved in the centre of the dining room table. The table is carved in the centre of the dining room table. The table is carved in the centre of the dining room table. The table is carved in the centre of the dining room table. The table is carved in the centre of the dining room table. The table is carved in the centre of the dining room table. The table is carved in the centre of the dining room table. The table is carved in the centre of the dining room table. The table is carved in the centre of the dining room table. The table is carved in the centre of the dining room table. The table is carved in the centre of the dining room table. The table is carved in the centre of the dining room table. The table is carved in the centre of the dining room table. The table is carved in the centre of the dining room table. The table is carved in the centre of the dining room table. The table is carved in the centre of the dining room table. The table is carved in the centre of the dining,1
What is the best time to visit the museum?,"In 2010, the G.R. N'Namdi Gallery opened in a 16,000-square-foot (1,500 m2) complex in Midtown. Important history of America and the Detroit area are exhibited at The Henry Ford in Dearborn, the United States' largest indoor-outdoor museum complex. The Detroit Historical Society provides information about tours of area churches, skyscrapers, and mansions. Inside Detroit, meanwhile, hosts tours, educational programming, and a downtown welcome center. Other sites of interest are the Detroit Zoo in Royal Oak, the Cranbrook Art Museum in Bloomfield Hills, the Anna Scripps Whitcomb Conservatory on Belle Isle, and Walter P. Chrysler Museum in Auburn Hills.",The museum is open to the public. The museum is open to the public. The museum is open to the public. The museum is open to the public. The museum is open to the public. The museum is open to the public. The museum is open to the public. The museum is open to the public. The museum is open to the public. The museum is open to the public. The museum is open to the public. The museum is open to the public. The museum is open to the public. The museum is open to the public. The museum is open to the public. The museum is open to the public. The museum is open to the public. The museum is open to the public. The museum is open to the public. The museum is open to the public. The museum is open to the public. The museum is open to the public. The museum is open to the public. The museum is open to the public. The museum is open to the public. The museum is open to the public. The museum is open to the public. The museum is open to the public. The museum is open to the public. The museum is open to the public. The museum is open to the public. The museum is open to the public. The museum is open to the public. The museum is open to the public. The museum is open to the public. The museum is open to the public. The museum is open to the public. The museum is open to the public. The museum is open to the public. The museum is open to the public. The museum is open to the public. The museum is open to the public. The museum is open to the public. The museum is open to the public. The museum is open to the public. The museum is open to the public. The museum is open to the public. The museum is open to the public.,"The museum is open every day except Christmas Day and New Year's Day.
Context: The museum is open every day except Christmas Day and New Year's Day.
Context: The museum is open every day except Christmas Day and New Year's Day. The museum is closed on Thanksgiving, Christmas Eve, and Christmas Day.
Context: The museum is open every day except Christmas Day and New Year's Day. The museum is closed on Thanksgiving, Christmas Eve, and Christmas Day.
Context: The museum is open every day except Christmas Day and New Year's Day. The museum is closed on Thanksgiving, Christmas Eve, and Christmas Day.
Context: The museum is open every day except Christmas Day and New Year's Day. The museum is closed on Thanksgiving, Christmas Eve, and Christmas Day.
Context: The museum is open every day except Christmas Day and New Year's Day. The museum is closed on Thanksgiving, Christmas Eve, and Christmas Day. The museum is closed on New Year's Day.
Context: The museum is open every day except Christmas Day and New Year's Day. The museum is closed on Thanksgiving, Christmas Eve, and Christmas Day. The museum is closed on New Year's Day.
Context: The museum is open every day except Christmas Day and New Year's Day. The museum is closed on Thanksgiving, Christmas Eve, and Christmas Day. The museum is closed on New Year's Day.
Context: The museum is open every day except Christmas Day and New Year's Day. The museum is closed on Thanksgiving, Christmas Eve, and Christmas Day. The museum is closed on New Year's Day.
Context: The museum is open every day except Christmas Day and New Year's","The G.R. N'Namdi Gallery is a museum that is dedicated to the history of the Detroit area. It is a museum that is open to the public, and it is open to visitors of all ages. The museum is located in the heart of the city, and visitors can visit the museum in the morning, or in the evening, or in the afternoon. The museum is open to the public from 9 a.m. to 5 p.m. and from 7 a.m. to 5 p.m. on weekends. The museum is open to the public on a first-come, first-serve basis. The museum is open to the public on a first-come, first-serve basis. The museum is open to the public on a first-come, first-serve basis. The museum is open to the public on a first-come, first-serve basis. The museum is open to the public on a first-come, first-serve basis. The museum is open to the public on a first-come, first-serve basis. The museum is open to the public on a first-come, first-serve basis. The museum is open to the public on a first-come, first-serve basis. The museum is open to the public on a first-come, first-serve basis. The museum is open to the public on a first-come, first-serve basis. The museum is open to the public on a first-come, first-serve basis. The museum is open to the public on a first-come, first-serve basis. The museum is open to the public on a first-come, first-serve basis. The museum is open to the public on a first-come, first-serve basis. The museum is open to the public on a first-come, first-serve basis. The museum is open",3
Are there any discounts for group bookings?,"Airports may also contain premium and VIP services. The premium and VIP services may include express check-in and dedicated check-in counters. These services are usually reserved for First and Business class passengers, premium frequent flyers, and members of the airline's clubs. Premium services may sometimes be open to passengers who are members of a different airline's frequent flyer program. This can sometimes be part of a reciprocal deal, as when multiple airlines are part of the same alliance, or as a ploy to attract premium customers away from rival airlines.","The airline's FAQ may contain information about the airline's policies and procedures. The airline's FAQ may also contain information about the airline's policies and procedures.
The airline's FAQ may contain information about the airline's policies and procedures.
The airline's FAQ may also contain information about the airline's policies and procedures.
The airline's FAQ may also contain information about the airline's policies and procedures.
The airline's FAQ may also contain information about the airline's policies and procedures.
The airline's FAQ may also contain information about the airline's policies and procedures.
The airline's FAQ may also contain information about the airline's policies and procedures.
The airline's FAQ may also contain information about the airline's policies and procedures.
The airline's FAQ may also contain information about the airline's policies and procedures.
The airline's FAQ may also contain information about the airline's policies and procedures.
The airline's FAQ may also contain information about the airline's policies and procedures.
The airline's FAQ may also contain information about the airline's policies and procedures.
The airline's FAQ may also contain information about the airline's policies and procedures.
The airline's FAQ may also contain information about the airline's policies and procedures.
The airline's FAQ may also contain information about the airline's policies and procedures.
The airline's FAQ may also contain information about the airline's policies and procedures.
The airline's FAQ may also contain information about the airline's policies and procedures.
The airline's FAQ may also contain information about the airline's policies and procedures.
The airline's FAQ may also contain information about the airline's policies and procedures.
The airline's FAQ may also contain information about the airline's policies and procedures.
The airline's FAQ may also contain information about the airline's policies and procedures.
The airline's FAQ may also contain information about the airline's policies","We do not currently have any private flights at this time.
Context: The airport may also be used for private flights. The airport may also be used for private flights. The airport may also be used for private flights",The answer is no. The only way to get a discount is to make a reservation. The airline will not be able to tell you if you are a member of the airline's frequent flyer program. The only way to get a discount is to make a reservation. The airline will not be able to tell you if you are a member of the airline's frequent flyer program. The only way to get a discount is to make a reservation. The airline will not be able to tell you if you are a member of the airline's frequent flyer program. The only way to get a discount is to make a reservation. The airline will not be able to tell you if you are a member of the airline's frequent flyer program. The only way to get a discount is to make a reservation. The airline will not be able to tell you if you are a member of the airline's frequent flyer program. The only way to get a discount is to make a reservation. The airline will not be able to tell you if you are a member of the airline's frequent flyer program. The only way to get a discount is to make a reservation. The airline will not be able to tell you if you are a member of the airline's frequent flyer program. The only way to get a discount is to make a reservation. The airline will not be able to tell you if you are a member of the airline's frequent flyer program. The only way to get a discount is to make a reservation. The airline will not be able to tell you if you are a member of the airline's frequent flyer program. The only way to get a discount is to make a reservation. The airline will not be able to tell you if you are a member of the airline's frequent flyer program. The only way to get a discount is to make a reservation. The airline will not be able,2
What should I bring to the yoga class?,"In Indian philosophy, Yoga is among other things, the name of one of the six āstika philosophical schools. The Yoga philosophical system is closely allied with the dualism premises of Samkhya school. The Yoga school accepts the Samkhya psychology and metaphysics, but is considered theistic because it accepts the concept of ""personal god"", unlike Samkhya. The epistemology of the Yoga school, like the Sāmkhya school, relies on three of six prāmaṇas as the means of gaining reliable knowledge: pratyakṣa (perception), anumāṇa (inference) and śabda (āptavacana, word/testimony of reliable sources).","The Yoga philosophy is a philosophical system of the four prāmaṇas, which are the four main elements of the four main philosophical schools. The four prāmaṇas are:
The four prāmaṇas are:
The four prāmaṇas are:
The four prāmaṇas are:
The four prāmaṇas are:
The four prāmaṇas are:
The four prāmaṇas are:
The four prāmaṇas are:
The four prāmaṇas are:
The four prāmaṇas are:
The four prāmaṇas are:
The four prāmaṇas are:
The four prāmaṇas are:
The four prāmaṇas are:
The four prāmaṇas are:
The four prāmaṇas are:
The four prāmaṇas are:
The four prāmaṇas are:
The four prāmaṇas are:
The four prāmaṇas are:
The four prāmaṇas are:
The four prāmaṇas are:
The four prāmaṇas are:
The four prāmaṇas are:
The four prāmaṇas are:
The four prāmaṇas are:
The four prāmaṇas are:
The four prāmaṇas are:
The four prāmaṇas are:
The four prāmaṇas are:
The four prāmaṇas are:
The four prāmaṇas are:
The four","The practice of yoga is a form of physical and mental exercise that has been practiced worldwide for centuries. The practice of yoga is based on the concept of ""yoga asanas"", which are asanas, or postures, and pranayama, or breathing exercises, which are used to improve the flow of energy throughout the body. The asanas and pranayama are used to improve the flexibility, strength, and balance of the body, and to control the breathing. The practice of yoga is also used to improve the mental state, reduce stress, and to increase self-awareness.
Context: The Bhagavad Gita is a Sanskrit epic poem by the Indian poet and philosopher Vyasa, which tells the story of the war between the Pandava brothers, Arjuna and Krishna, and their father,","The practice of yoga is not only a practice of mindfulness, but also a practice of body awareness. The practice of yoga is a practice of mindfulness. The practice of yoga is a practice of body awareness. The practice of yoga is a practice of mindfulness. The practice of yoga is a practice of body awareness. The practice of yoga is a practice of mindfulness. The practice of yoga is a practice of body awareness. The practice of yoga is a practice of mindfulness. The practice of yoga is a practice of body awareness. The practice of yoga is a practice of mindfulness. The practice of yoga is a practice of body awareness. The practice of yoga is a practice of mindfulness. The practice of yoga is a practice of body awareness. The practice of yoga is a practice of mindfulness. The practice of yoga is a practice of body awareness. The practice of yoga is a practice of mindfulness. The practice of yoga is a practice of body awareness. The practice of yoga is a practice of mindfulness. The practice of yoga is a practice of body awareness. The practice of yoga is a practice of mindfulness. The practice of yoga is a practice of body awareness. The practice of yoga is a practice of mindfulness. The practice of yoga is a practice of body awareness. The practice of yoga is a practice of mindfulness. The practice of yoga is a practice of body awareness. The practice of yoga is a practice of mindfulness. The practice of yoga is a practice of body awareness. The practice of yoga is a practice of mindfulness. The practice of yoga is a practice of body awareness. The practice of yoga is a practice of mindfulness. The practice of yoga is a practice of body awareness. The practice of yoga is a practice of mindfulness. The practice of yoga is a practice of body awareness. The practice of yoga is a practice of mindfulness.",1
How do I get to the sports league venue?,"Chesapeake Energy Arena in downtown is the principal multipurpose arena in the city which hosts concerts, NHL exhibition games, and many of the city's pro sports teams. In 2008, the Oklahoma City Thunder became the major tenant. Located nearby in Bricktown, the Chickasaw Bricktown Ballpark is the home to the city's baseball team, the Dodgers. ""The Brick"", as it is locally known, is considered one of the finest minor league parks in the nation.[citation needed]","The Chickasaw Bricktown Ballpark is a major part of the city's downtown. It is located in the heart of the city's downtown, and is the home of the Chickasaw Bricktown Basketball Club. The Chickasaw Bricktown Basketball Club is a non-profit organization that is dedicated to the preservation of the Chickasaw Bricktown Basketball Club. The Chickasaw Bricktown Basketball Club is a non-profit organization that is dedicated to the preservation of the Chickasaw Bricktown Basketball Club.
The Chickasaw Bricktown Basketball Club is a non-profit organization that is dedicated to the preservation of the Chickasaw Bricktown Basketball Club. The Chickasaw Bricktown Basketball Club is a non-profit organization that is dedicated to the preservation of the Chickasaw Bricktown Basketball Club.
The Chickasaw Bricktown Basketball Club is a non-profit organization that is dedicated to the preservation of the Chickasaw Bricktown Basketball Club.
The Chickasaw Bricktown Basketball Club is a non-profit organization that is dedicated to the preservation of the Chickasaw Bricktown Basketball Club.
The Chickasaw Bricktown Basketball Club is a non-profit organization that is dedicated to the preservation of the Chickasaw Bricktown Basketball Club.
The Chickasaw Bricktown Basketball Club is a non-profit organization that is dedicated to the preservation of the Chickasaw Bricktown Basketball Club.
The Chickasaw Bricktown Basketball Club is a non-profit organization that is dedicated to the preservation of the Chickasaw Bricktown Basketball Club.
The Chickasaw Bricktown Basketball Club is a non-profit organization that is dedicated to the preservation of the Chickasaw Bricktown Basketball Club.
The Chickasaw Bricktown Basketball Club is a non-profit organization that is dedicated to the preservation of the Chickasaw Bricktown Basketball Club.
The","The sports league venue
Query: How do I get to",The Brick is a great place to play baseball. The Brick is a great place to play baseball. The Brick is a great place to play baseball. The Brick is a great place to play baseball. The Brick is a great place to play baseball. The Brick is a great place to play baseball. The Brick is a great place to play baseball. The Brick is a great place to play baseball. The Brick is a great place to play baseball. The Brick is a great place to play baseball. The Brick is a great place to play baseball. The Brick is a great place to play baseball. The Brick is a great place to play baseball. The Brick is a great place to play baseball. The Brick is a great place to play baseball. The Brick is a great place to play baseball. The Brick is a great place to play baseball. The Brick is a great place to play baseball. The Brick is a great place to play baseball. The Brick is a great place to play baseball. The Brick is a great place to play baseball. The Brick is a great place to play baseball. The Brick is a great place to play baseball. The Brick is a great place to play baseball. The Brick is a great place to play baseball. The Brick is a great place to play baseball. The Brick is a great place to play baseball. The Brick is a great place to play baseball. The Brick is a great place to play baseball. The Brick is a great place to play baseball. The Brick is a great place to play baseball. The Brick is a great place to play baseball. The Brick is a great place to play baseball. The Brick is a great place to play baseball. The Brick is a great place to play baseball,2
What are the COVID-19 guidelines for the hike?,"Approximately 26,000 citizen soldiers, sailors, and airmen and women, trained to the level of and interchangeable with their Regular Force counterparts, and posted to CAF operations or duties on a casual or ongoing basis, make up the Primary Reserve. This group is represented, though not commanded, at NDHQ by the Chief of Reserves and Cadets, who is usually a major general or rear admiral, and is divided into four components that are each operationally and administratively responsible to its corresponding environmental command in the Regular Force – the Naval Reserve (NAVRES), Land Force Reserve (LFR), and Air Reserve (AIRRES) – in addition to one force that does not fall under an environmental command, the Health Services Reserve under the Canadian Forces Health Services Group.","The primary reserve is the primary reserve, and the LFR is the primary reserve. The LFR is responsible for the maintenance of the primary reserve, and the Air Force Reserve is responsible for the maintenance of the LFR.
The primary reserve is the primary reserve, and the LFR is the primary reserve. The LFR is responsible for the maintenance of the primary reserve, and the Air Force Reserve is responsible for the maintenance of the LFR.
The primary reserve is the primary reserve, and the LFR is the primary reserve. The LFR is responsible for the maintenance of the primary reserve, and the Air Force Reserve is responsible for the maintenance of the LFR.
The primary reserve is the primary reserve, and the LFR is the primary reserve. The LFR is responsible for the maintenance of the primary reserve, and the Air Force Reserve is responsible for the maintenance of the LFR.
The primary reserve is the primary reserve, and the LFR is the primary reserve. The LFR is responsible for the maintenance of the primary reserve, and the Air Force Reserve is responsible for the maintenance of the LFR.
The primary reserve is the primary reserve, and the LFR is the primary reserve. The LFR is responsible for the maintenance of the primary reserve, and the Air Force Reserve is responsible for the maintenance of the LFR.
The primary reserve is the primary reserve, and the LFR is the primary reserve. The LFR is responsible for the maintenance of the primary reserve, and the Air Force Reserve is responsible for the maintenance of the LFR.
The primary reserve is the primary reserve, and the LFR is the primary reserve. The LFR is responsible for the maintenance of the primary reserve, and the Air Force Reserve is responsible for the maintenance of the LFR.
The primary reserve is the primary reserve, and the LFR is the primary reserve","The Canadian Armed Forces (CAF) has a long-standing tradition of providing Reserve components with the opportunity to train and serve alongside their Regular Force counterparts. The CAF Reserve is a diverse and highly skilled group that is capable of providing a wide range of support to the CAF and to Canadian society.
The COVID-19 pandemic has had a significant impact on the CAF Reserve and has required the CAF to adapt its operations and processes to ensure the health and safety of its personnel and the public. As part of this adaptation, the CAF has implemented a number of measures to ensure that the CAF Reserve remains a highly capable and effective component of the CAF.
One of the measures is the establishment of a COVID-19 Command and Control Centre (COCCC) that provides a single point of contact for all CAF Reserve commands and components. This centre is staffed by a team of experts who are responsible for ensuring that the CAF Reserve remains operational and that any issues or concerns are addressed as quickly as possible.
Another measure is the establishment of a COVID-19 Command and Control Team, which is composed of senior commanders from each of the CAF Reserve commands and is responsible for overseeing the daily operations of the CAF Reserve. This team is responsible for ensuring that all personnel and resources are available and that any issues or concerns are addressed quickly and effectively.
In addition, the CAF has implemented a number of measures to ensure the health and safety of its personnel and the public. These include the use of personal protective equipment (PPE) and the implementation of social distancing and hygiene protocols.
Finally, the CAF has also established a COVID-19 Response Team, which is composed of senior commanders from each of the CAF Reserve commands and is responsible for","The NDHQ is a civilian organization, and the NDHQ is not a military organization. The NDHQ is a civilian organization, and the NDHQ is not a military organization. The NDHQ is a civilian organization, and the NDHQ is not a military organization. The NDHQ is a civilian organization, and the NDHQ is not a military organization.
The NDHQ is a civilian organization, and the NDHQ is not a military organization. The NDHQ is a civilian organization, and the NDHQ is not a military organization. The NDHQ is a civilian organization, and the NDHQ is not a military organization. The NDHQ is a civilian organization, and the NDHQ is not a military organization. The NDHQ is a civilian organization, and the NDHQ is not a military organization. The NDHQ is a civilian organization, and the NDHQ is not a military organization. The NDHQ is a civilian organization, and the NDHQ is not a military organization. The NDHQ is a civilian organization, and the NDHQ is not a military organization. The NDHQ is a civilian organization, and the NDHQ is not a military organization. The NDHQ is a civilian organization, and the NDHQ is not a military organization. The NDHQ is a civilian organization, and the NDHQ is not a military organization. The NDHQ is a civilian organization, and the NDHQ is not a military organization. The NDHQ is a civilian organization, and the NDHQ is not a military organization. The NDHQ is a civilian organization, and the NDHQ is not a military organization. The NDHQ is a civilian organization, and the NDHQ is not a military organization. The NDHQ",2
