﻿query,retrieved_info,response_model_1,response_model_2,response_model_3
Recommend a sci-fi movie with mind-bending plot twists,"Weak plot, predictable violence, only semi interesting characters. Like the writer (also one of the stars?) was fictionalizing his own screw ups and added an incredulous fantasies of drugs and murder to make it ""hot"". From the predictable rap and house soundtrack, to the family conflicts, it's poorly acted, stereotypical, and ultimately terribly boring. Even the title has been done before - IMDb lists FIVE movies with the same name released in 2007-2008!! <br /><br />Note: Saw it on Showtime, which listed the synopsis for one of the other movies. Was halfway thru before I realized no one was an undercover cop. Even tho another stereotype, would have made it interesting if it happened.","Query: Recommend a sci-fi movie with mind-bending plot twists
 Relevant Review: Weak plot, predictable violence, only semi interesting characters. Like the writer (also one of the stars?) was fictionalizing his own screw ups and added an incredulous fantasies of drugs and murder to make it ""hot"". From the predictable rap and house soundtrack, to the family conflicts, it's poorly acted, stereotypical, and ultimately terribly boring. Even the title has been done before - IMDb lists FIVE movies with the same name released in 2007-2008!! <br /><br />Note: Saw it on Showtime, which listed the synopsis for one of the other movies. Was halfway thru before I realized no one was an undercover cop. Even tho another stereotype, would have made it interesting if it happened.
 Recommendation: A movie with a lot of plot twists, but a lot of action.
Recommendation: A movie with a lot of action, but a lot of action.
Recommendation: A movie with a lot of action, but a lot of action.
Recommendation: A movie with a lot of action, but a lot of action.
Recommendation: A movie with a lot of action, but a lot of action.
Recommendation: A movie with a lot of action, but","Query: Recommend a sci-fi movie with mind-bending plot twists
 Relevant Review: Weak plot, predictable violence, only semi interesting characters. Like the writer (also one of the stars?) was fictionalizing his own screw ups and added an incredulous fantasies of drugs and murder to make it ""hot"". From the predictable rap and house soundtrack, to the family conflicts, it's poorly acted, stereotypical, and ultimately terribly boring. Even the title has been done before - IMDb lists FIVE movies with the same name released in 2007-2008!! <br /><br />Note: Saw it on Showtime, which listed the synopsis for one of the other movies. Was halfway thru before I realized no one was an undercover cop. Even tho another stereotype, would have made it interesting if it happened.
 Recommendation: The movie is a bit more realistic than the original, but it's still a bit more realistic than the original. The plot is a bit more realistic than the original, but it's still a bit more realistic than the original. The plot is a bit more realistic than the original, but it's still a bit more realistic than the original. The plot is a bit more realistic than the original, but it's still a bit more realistic than the original. The plot is a bit more realistic than","Query: Recommend a sci-fi movie with mind-bending plot twists
 Relevant Review: Weak plot, predictable violence, only semi interesting characters. Like the writer (also one of the stars?) was fictionalizing his own screw ups and added an incredulous fantasies of drugs and murder to make it ""hot"". From the predictable rap and house soundtrack, to the family conflicts, it's poorly acted, stereotypical, and ultimately terribly boring. Even the title has been done before - IMDb lists FIVE movies with the same name released in 2007-2008!! <br /><br />Note: Saw it on Showtime, which listed the synopsis for one of the other movies. Was halfway thru before I realized no one was an undercover cop. Even tho another stereotype, would have made it interesting if it happened.
 Recommendation: The movie is a bit of a mess, but it's not a bad movie. The plot is a bit of a mess, but it's not a bad movie. The plot is a bit of a mess, but it's not a bad movie. The plot is a bit of a mess, but it's not a bad movie. The plot is a bit of a mess, but it's not a bad movie. The plot is a bit of a mess, but it's not a bad"
What's a good romantic comedy from the 90s?,"The only thing I remember about this movie are two things: first, as a twelve year old, even I thought it stunk. Second, it was so bad that when Mad magazine did a parody of it, they quit after the first page, and wrote a disclaimer at the bottom of the page saying that they had completely disavowed it.<br /><br />If you want to see great sophomoric comedies of this period, try Animal House. It's so stupid and vulgar it lowers itself to high art. Another good selection would be Caddyshack, the classic with the late Rodney Dangerfield and Bill Murray before he became annoyingly charming, with great lines like greens keeper Carl Spackler's ""Correct me if I'm wrong Sandy, but if I kill all the golfers they'll lock me up and throw away the key.""","Query: What's a good romantic comedy from the 90s?
 Relevant Review: The only thing I remember about this movie are two things: first, as a twelve year old, even I thought it stunk. Second, it was so bad that when Mad magazine did a parody of it, they quit after the first page, and wrote a disclaimer at the bottom of the page saying that they had completely disavowed it.<br /><br />If you want to see great sophomoric comedies of this period, try Animal House. It's so stupid and vulgar it lowers itself to high art. Another good selection would be Caddyshack, the classic with the late Rodney Dangerfield and Bill Murray before he became annoyingly charming, with great lines like greens keeper Carl Spackler's ""Correct me if I'm wrong Sandy, but if I kill all the golfers they'll lock me up and throw away the key.""
 Recommendation: A good comedy from the 90s.
<br /><br />
<br /><br /><br /><br /><br /><br /><br /><br /><br /><br /><br /><br /><br /><br /><br /><br /><br /><br /><br /><br /><br /><br /><br /><br /><br /><br /><br /><br />","Query: What's a good romantic comedy from the 90s?
 Relevant Review: The only thing I remember about this movie are two things: first, as a twelve year old, even I thought it stunk. Second, it was so bad that when Mad magazine did a parody of it, they quit after the first page, and wrote a disclaimer at the bottom of the page saying that they had completely disavowed it.<br /><br />If you want to see great sophomoric comedies of this period, try Animal House. It's so stupid and vulgar it lowers itself to high art. Another good selection would be Caddyshack, the classic with the late Rodney Dangerfield and Bill Murray before he became annoyingly charming, with great lines like greens keeper Carl Spackler's ""Correct me if I'm wrong Sandy, but if I kill all the golfers they'll lock me up and throw away the key.""
 Recommendation: The only thing I remember about this movie are two things: first, as a twelve year old, even I thought it stunk. Second, it was so bad that when Mad magazine did a parody of it, they quit after the first page, and wrote a disclaimer at the bottom of the page saying that they had completely disavowed it.<br /><br />If you want to see great sophomoric comedies of this period, try Animal House. It's so stupid and vulgar it","Query: What's a good romantic comedy from the 90s?
 Relevant Review: The only thing I remember about this movie are two things: first, as a twelve year old, even I thought it stunk. Second, it was so bad that when Mad magazine did a parody of it, they quit after the first page, and wrote a disclaimer at the bottom of the page saying that they had completely disavowed it.<br /><br />If you want to see great sophomoric comedies of this period, try Animal House. It's so stupid and vulgar it lowers itself to high art. Another good selection would be Caddyshack, the classic with the late Rodney Dangerfield and Bill Murray before he became annoyingly charming, with great lines like greens keeper Carl Spackler's ""Correct me if I'm wrong Sandy, but if I kill all the golfers they'll lock me up and throw away the key.""
 Recommendation: The movie is a great comedy, but it's not a good comedy. It's a good comedy, but it's not a good comedy. It's a good comedy, but it's not a good comedy. It's a good comedy, but it's not a good comedy. It's a good comedy, but it's not a good comedy. It's a good comedy, but it's not a good comedy. It's a good comedy, but it's not a good comedy. It"
"I'm in the mood for a classic film noir, any suggestions?","A very cheesy and dull road movie, with the intention to be hip and modern, shown in the editing style and some weird camera angles, resulting only in sleepiness. <br /><br />The cast is wasted, the writing is stupid and pretentious. The only thing worthwhile is the top-notch Lalo Schifrin's soundtrack, really cool and also the opening sequence, very original and interesting. <br /><br />Run if you can, the bad opinions and comments about this flick are totally deserved; it is really pure garbage. Of course that this has its charm, of watching a movie which everybody would not drop the beer glass on if it were on fire, but save it for a stormy day where you have absolutely nothing else to do.","Query: I'm in the mood for a classic film noir, any suggestions?
 Relevant Review: A very cheesy and dull road movie, with the intention to be hip and modern, shown in the editing style and some weird camera angles, resulting only in sleepiness. <br /><br />The cast is wasted, the writing is stupid and pretentious. The only thing worthwhile is the top-notch Lalo Schifrin's soundtrack, really cool and also the opening sequence, very original and interesting. <br /><br />Run if you can, the bad opinions and comments about this flick are totally deserved; it is really pure garbage. Of course that this has its charm, of watching a movie which everybody would not drop the beer glass on if it were on fire, but save it for a stormy day where you have absolutely nothing else to do.
 Recommendation: This is a movie that should be seen by everyone, but it is not. It is a movie that should be seen by everyone, but it is not. It is a movie that should be seen by everyone, but it is not. It is a movie that should be seen by everyone, but it is not. It is a movie that should be seen by everyone, but it is not. It is a movie that should be seen by everyone, but it is not. It is a movie","Query: I'm in the mood for a classic film noir, any suggestions?
 Relevant Review: A very cheesy and dull road movie, with the intention to be hip and modern, shown in the editing style and some weird camera angles, resulting only in sleepiness. <br /><br />The cast is wasted, the writing is stupid and pretentious. The only thing worthwhile is the top-notch Lalo Schifrin's soundtrack, really cool and also the opening sequence, very original and interesting. <br /><br />Run if you can, the bad opinions and comments about this flick are totally deserved; it is really pure garbage. Of course that this has its charm, of watching a movie which everybody would not drop the beer glass on if it were on fire, but save it for a stormy day where you have absolutely nothing else to do.
 Recommendation: This is a great movie, and I'm not sure if it will be a good movie.","Query: I'm in the mood for a classic film noir, any suggestions?
 Relevant Review: A very cheesy and dull road movie, with the intention to be hip and modern, shown in the editing style and some weird camera angles, resulting only in sleepiness. <br /><br />The cast is wasted, the writing is stupid and pretentious. The only thing worthwhile is the top-notch Lalo Schifrin's soundtrack, really cool and also the opening sequence, very original and interesting. <br /><br />Run if you can, the bad opinions and comments about this flick are totally deserved; it is really pure garbage. Of course that this has its charm, of watching a movie which everybody would not drop the beer glass on if it were on fire, but save it for a stormy day where you have absolutely nothing else to do.
 Recommendation: I'm not a fan of the film, but I'm not a fan of the soundtrack. I'm not a fan of the film, but I'm not a fan of the soundtrack. I'm not a fan of the soundtrack, but I'm not a fan of the soundtrack. I'm not a fan of the soundtrack, but I'm not a fan of the soundtrack. I'm not a fan of the soundtrack, but I'm not a fan of the soundtrack. I'm not a fan"
Can you recommend an action movie with strong female leads?,"Not a `woman film' but film for the gang. One of the worst films ever made by a male director about woman. Director Andy McKay simply doesn't know woman. Peaks of bad taste, American Pie's humor style, crude story, no sense, groundless story, refuted characters. Vulgar fantasies came to life on screen. Insulting and definitely not funny. I wonder how three good actresses accepted to take part in it.","Query: Can you recommend an action movie with strong female leads?
 Relevant Review: Not a `woman film' but film for the gang. One of the worst films ever made by a male director about woman. Director Andy McKay simply doesn't know woman. Peaks of bad taste, American Pie's humor style, crude story, no sense, groundless story, refuted characters. Vulgar fantasies came to life on screen. Insulting and definitely not funny. I wonder how three good actresses accepted to take part in it.
 Recommendation: I would recommend this movie to anyone who wants to see a good female lead.
Recommendation: I would recommend this movie to anyone who wants to see a good female lead.
Recommendation: I would recommend this movie to anyone who wants to see a good female lead.
Recommendation: I would recommend this movie to anyone who wants to see a good female lead.
Recommendation: I would recommend this movie to anyone who wants to see a good female lead.
Recommendation:","Query: Can you recommend an action movie with strong female leads?
 Relevant Review: Not a `woman film' but film for the gang. One of the worst films ever made by a male director about woman. Director Andy McKay simply doesn't know woman. Peaks of bad taste, American Pie's humor style, crude story, no sense, groundless story, refuted characters. Vulgar fantasies came to life on screen. Insulting and definitely not funny. I wonder how three good actresses accepted to take part in it.
 Recommendation: I would recommend a movie with strong female leads.
Review: I would recommend a movie with strong female leads.
Review: I would recommend a movie with strong female leads.
Review: I would recommend a movie with strong female leads.
Review: I would recommend a movie with strong female leads.
Review: I would recommend a movie with strong female leads.
Review: I would recommend a movie with strong female leads.
Review: I would recommend a movie with strong female leads","Query: Can you recommend an action movie with strong female leads?
 Relevant Review: Not a `woman film' but film for the gang. One of the worst films ever made by a male director about woman. Director Andy McKay simply doesn't know woman. Peaks of bad taste, American Pie's humor style, crude story, no sense, groundless story, refuted characters. Vulgar fantasies came to life on screen. Insulting and definitely not funny. I wonder how three good actresses accepted to take part in it.
 Recommendation: The film is a great movie. It's a great movie. It's a great movie. It's a great movie. It's a great movie. It's a great movie. It's a great movie. It's a great movie. It's a great movie. It's a great movie. It's a great movie. It's a great movie. It's a great movie. It's a great movie. It's a great movie. It's a great movie. It's a"
What's a great animated movie for adults?,"It's impossible for me to objectively consider this movie. Not that I haven't tried, mind you - but I sit down, and I pop in the aged VHS, and I watch the opening...and suddenly I'm five years old again and clutching my very own Care Bear and watching the movie with open eyes and an eager heart.<br /><br />I can see, objectively, that this movie is a BIZARRE combination of cuddly baby merchandising-mascots and creepy prepubescent children with evil powers that has a thin story and uninteresting animation. But my inner five-year-old goes, ""Yay! Care Bears!"" every time I think about it. So - I'd only (cautiously, reluctantly) recommend this movie for those who saw it during their early youth and can call on the awesome power of nostalgia while watching it (like me) OR those lovably cynical Gen-X/Y-ers who deliberately seek out the wonderfully bad/strange (a category in which this movie...definitely belongs). To those actually looking for a compelling movie or wholesome family entertainment: You might want to keep looking.","Query: What's a great animated movie for adults?
 Relevant Review: It's impossible for me to objectively consider this movie. Not that I haven't tried, mind you - but I sit down, and I pop in the aged VHS, and I watch the opening...and suddenly I'm five years old again and clutching my very own Care Bear and watching the movie with open eyes and an eager heart.<br /><br />I can see, objectively, that this movie is a BIZARRE combination of cuddly baby merchandising-mascots and creepy prepubescent children with evil powers that has a thin story and uninteresting animation. But my inner five-year-old goes, ""Yay! Care Bears!"" every time I think about it. So - I'd only (cautiously, reluctantly) recommend this movie for those who saw it during their early youth and can call on the awesome power of nostalgia while watching it (like me) OR those lovably cynical Gen-X/Y-ers who deliberately seek out the wonderfully bad/strange (a category in which this movie...definitely belongs). To those actually looking for a compelling movie or wholesome family entertainment: You might want to keep looking.
 Recommendation: This is a great movie. It's a great movie. It's a great movie. It's a great movie. It's a great movie. It's a great movie. It's a great movie. It's a great movie. It's a great movie. It's a great movie. It's a great movie. It's a great movie. It's a great movie. It's a great movie. It's a great movie. It's a great movie. It's a great","Query: What's a great animated movie for adults?
 Relevant Review: It's impossible for me to objectively consider this movie. Not that I haven't tried, mind you - but I sit down, and I pop in the aged VHS, and I watch the opening...and suddenly I'm five years old again and clutching my very own Care Bear and watching the movie with open eyes and an eager heart.<br /><br />I can see, objectively, that this movie is a BIZARRE combination of cuddly baby merchandising-mascots and creepy prepubescent children with evil powers that has a thin story and uninteresting animation. But my inner five-year-old goes, ""Yay! Care Bears!"" every time I think about it. So - I'd only (cautiously, reluctantly) recommend this movie for those who saw it during their early youth and can call on the awesome power of nostalgia while watching it (like me) OR those lovably cynical Gen-X/Y-ers who deliberately seek out the wonderfully bad/strange (a category in which this movie...definitely belongs). To those actually looking for a compelling movie or wholesome family entertainment: You might want to keep looking.
 Recommendation: This is a great movie for adults. It's a great movie for adults. It's a great movie for adults. It's a great movie for adults. It's a great movie for adults. It's a great movie for adults. It's a great movie for adults. It's a great movie for adults. It's a great movie for adults. It's a great movie for adults. It's a great movie for adults. It's a great movie for adults. It's a great","Query: What's a great animated movie for adults?
 Relevant Review: It's impossible for me to objectively consider this movie. Not that I haven't tried, mind you - but I sit down, and I pop in the aged VHS, and I watch the opening...and suddenly I'm five years old again and clutching my very own Care Bear and watching the movie with open eyes and an eager heart.<br /><br />I can see, objectively, that this movie is a BIZARRE combination of cuddly baby merchandising-mascots and creepy prepubescent children with evil powers that has a thin story and uninteresting animation. But my inner five-year-old goes, ""Yay! Care Bears!"" every time I think about it. So - I'd only (cautiously, reluctantly) recommend this movie for those who saw it during their early youth and can call on the awesome power of nostalgia while watching it (like me) OR those lovably cynical Gen-X/Y-ers who deliberately seek out the wonderfully bad/strange (a category in which this movie...definitely belongs). To those actually looking for a compelling movie or wholesome family entertainment: You might want to keep looking.
 Recommendation: I've seen this movie before, and I've never seen it before. I've never seen it before, but I've seen it once. I've never seen it before, but I've seen it once. I've never seen it before, but I've seen it once. I've never seen it before, but I've seen it once. I've never seen it before, but I've seen it once. I've never seen it before, but I've seen it once. I"
"I want to watch a thought-provoking documentary, any ideas?","If only to avoid making this type of film in the future. This film is interesting as an experiment but tells no cogent story.<br /><br />One might feel virtuous for sitting thru it because it touches on so many IMPORTANT issues but it does so without any discernable motive. The viewer comes away with no new perspectives (unless one comes up with one while one's mind wanders, as it will invariably do during this pointless film).<br /><br />One might better spend one's time staring out a window at a tree growing.<br /><br />","Query: I want to watch a thought-provoking documentary, any ideas?
 Relevant Review: If only to avoid making this type of film in the future. This film is interesting as an experiment but tells no cogent story.<br /><br />One might feel virtuous for sitting thru it because it touches on so many IMPORTANT issues but it does so without any discernable motive. The viewer comes away with no new perspectives (unless one comes up with one while one's mind wanders, as it will invariably do during this pointless film).<br /><br />One might better spend one's time staring out a window at a tree growing.<br /><br />
 Recommendation: This is a great film. It is a great film. It is a great film. It is a great film. It is a great film. It is a great film. It is a great film. It is a great film. It is a great film. It is a great film. It is a great film. It is a great film. It is a great film. It is a great film. It is a great film. It is a great film. It is a great","Query: I want to watch a thought-provoking documentary, any ideas?
 Relevant Review: If only to avoid making this type of film in the future. This film is interesting as an experiment but tells no cogent story.<br /><br />One might feel virtuous for sitting thru it because it touches on so many IMPORTANT issues but it does so without any discernable motive. The viewer comes away with no new perspectives (unless one comes up with one while one's mind wanders, as it will invariably do during this pointless film).<br /><br />One might better spend one's time staring out a window at a tree growing.<br /><br />
 Recommendation: I want to watch a thought-provoking documentary, any ideas?
Relevant Review: If only to avoid making this type of film in the future. This film is interesting as an experiment but tells no cogent story.<br /><br />One might better spend one's time staring out a window at a tree growing.<br /><br />One might better spend one's time staring out a window at a tree growing.<br /><br />
Recommendation: I want to","Query: I want to watch a thought-provoking documentary, any ideas?
 Relevant Review: If only to avoid making this type of film in the future. This film is interesting as an experiment but tells no cogent story.<br /><br />One might feel virtuous for sitting thru it because it touches on so many IMPORTANT issues but it does so without any discernable motive. The viewer comes away with no new perspectives (unless one comes up with one while one's mind wanders, as it will invariably do during this pointless film).<br /><br />One might better spend one's time staring out a window at a tree growing.<br /><br />
 Recommendation: I would like to see a documentary about the history of the world. I think it's a good idea to watch it. It's a good idea to watch it. It's a good idea to watch it. It's a good idea to watch it. It's a good idea to watch it. It's a good idea to watch it. It's a good idea to watch it. It's a good idea to watch it. It's a good idea to watch it. It's a"
Suggest a feel-good movie to lift my spirits,"Chances are if I watched this again I might get physically sick, the film is so annoying.....unless you believe in psychics, re-incarnation and the other hocus- pocus which this promotes big-time. The ""re-cycling of souls,"" they call it here. Puh-leeze.<br /><br />This story has been done several times before with such films as ""Heaven Can Wait."" It's also been done a lot better. Too bad they had to waste the talents of Robert Downey Jr., Cybill Shepherd, Ryan O'Neal and Mary Stuart Masterson.<br /><br />At least it's a pretty tame film, language-wise. That's about the only redeeming quality of this movie.","Query: Suggest a feel-good movie to lift my spirits
 Relevant Review: Chances are if I watched this again I might get physically sick, the film is so annoying.....unless you believe in psychics, re-incarnation and the other hocus- pocus which this promotes big-time. The ""re-cycling of souls,"" they call it here. Puh-leeze.<br /><br />This story has been done several times before with such films as ""Heaven Can Wait."" It's also been done a lot better. Too bad they had to waste the talents of Robert Downey Jr., Cybill Shepherd, Ryan O'Neal and Mary Stuart Masterson.<br /><br />At least it's a pretty tame film, language-wise. That's about the only redeeming quality of this movie.
 Recommendation: This is a good movie. It's a good movie. It's a good movie. It's a good movie. It's a good movie. It's a good movie. It's a good movie. It's a good movie. It's a good movie. It's a good movie. It's a good movie. It's a good movie. It's a good movie. It's a good movie. It's a good movie. It's a good movie. It's a good","Query: Suggest a feel-good movie to lift my spirits
 Relevant Review: Chances are if I watched this again I might get physically sick, the film is so annoying.....unless you believe in psychics, re-incarnation and the other hocus- pocus which this promotes big-time. The ""re-cycling of souls,"" they call it here. Puh-leeze.<br /><br />This story has been done several times before with such films as ""Heaven Can Wait."" It's also been done a lot better. Too bad they had to waste the talents of Robert Downey Jr., Cybill Shepherd, Ryan O'Neal and Mary Stuart Masterson.<br /><br />At least it's a pretty tame film, language-wise. That's about the only redeeming quality of this movie.
 Recommendation: I'm not sure if I'll ever see it again. I'm not sure if I'll ever see it again. I'm not sure if I'll ever see it again. I'm not sure if I'll ever see it again. I'm not sure if I'll ever see it again. I'm not sure if I'll ever see it again. I'm not sure if I'll ever see it again. I'm not sure if I'll ever see it again. I'm not sure","Query: Suggest a feel-good movie to lift my spirits
 Relevant Review: Chances are if I watched this again I might get physically sick, the film is so annoying.....unless you believe in psychics, re-incarnation and the other hocus- pocus which this promotes big-time. The ""re-cycling of souls,"" they call it here. Puh-leeze.<br /><br />This story has been done several times before with such films as ""Heaven Can Wait."" It's also been done a lot better. Too bad they had to waste the talents of Robert Downey Jr., Cybill Shepherd, Ryan O'Neal and Mary Stuart Masterson.<br /><br />At least it's a pretty tame film, language-wise. That's about the only redeeming quality of this movie.
 Recommendation: I'm not sure if this is a good movie, but it's a good movie. It's a good movie.

I'm not sure if this is a good movie, but it's a good movie. It's a good movie.
Recommendation: I'm not sure if this is a good movie, but it's a good movie. It's a good movie.

I'm not sure if this is a good movie, but it's a good movie. It's"
What's a must-watch foreign language film?,"The Biggest one that bugs the hell out of me is that they say Zues takes DUTCH commands. But she is speaking German to him. The 2 languishes are completely different, its like saying ""well he takes French commands"" and start talking Spanish.<br /><br />James Belushi gives more the feeling of being a comedy actor not a detective in the slightest. The role just doesn't fit him, even if its mend to be a comedy.<br /><br />To many stereotype/predicable stuff. Typical comment or comebacks.<br /><br />If you don't look at those things i think it could be a nice movie to watch if its ever on TV. But i wouldn't suggesting renting it.","Query: What's a must-watch foreign language film?
 Relevant Review: The Biggest one that bugs the hell out of me is that they say Zues takes DUTCH commands. But she is speaking German to him. The 2 languishes are completely different, its like saying ""well he takes French commands"" and start talking Spanish.<br /><br />James Belushi gives more the feeling of being a comedy actor not a detective in the slightest. The role just doesn't fit him, even if its mend to be a comedy.<br /><br />To many stereotype/predicable stuff. Typical comment or comebacks.<br /><br />If you don't look at those things i think it could be a nice movie to watch if its ever on TV. But i wouldn't suggesting renting it.
 Recommendation: The movie is a must watch for anyone who wants to watch a comedy.

Review: The movie is a must watch for anyone who wants to watch a comedy.

Review: The movie is a must watch for anyone who wants to watch a comedy.

Review: The movie is a must watch for anyone who wants to watch a comedy.

Review: The movie is a must watch for anyone who wants to watch a comedy.

Review: The movie is a must","Query: What's a must-watch foreign language film?
 Relevant Review: The Biggest one that bugs the hell out of me is that they say Zues takes DUTCH commands. But she is speaking German to him. The 2 languishes are completely different, its like saying ""well he takes French commands"" and start talking Spanish.<br /><br />James Belushi gives more the feeling of being a comedy actor not a detective in the slightest. The role just doesn't fit him, even if its mend to be a comedy.<br /><br />To many stereotype/predicable stuff. Typical comment or comebacks.<br /><br />If you don't look at those things i think it could be a nice movie to watch if its ever on TV. But i wouldn't suggesting renting it.
 Recommendation: The Biggest one that bugs the hell out of me is that they say Zues takes DUTCH commands. But she is speaking German to him. The 2 languishes are completely different, its like saying ""well he takes French commands"" and start talking Spanish.<br /><br />If you don't look at those things i think it could be a nice movie to watch if its ever on TV. But i wouldn't suggesting renting it.
Recommendation: The Biggest one that","Query: What's a must-watch foreign language film?
 Relevant Review: The Biggest one that bugs the hell out of me is that they say Zues takes DUTCH commands. But she is speaking German to him. The 2 languishes are completely different, its like saying ""well he takes French commands"" and start talking Spanish.<br /><br />James Belushi gives more the feeling of being a comedy actor not a detective in the slightest. The role just doesn't fit him, even if its mend to be a comedy.<br /><br />To many stereotype/predicable stuff. Typical comment or comebacks.<br /><br />If you don't look at those things i think it could be a nice movie to watch if its ever on TV. But i wouldn't suggesting renting it.
 Recommendation: I'm not sure if it's a good movie to watch, but it's a good movie to watch if its ever on TV.

I'm not sure if it's a good movie to watch, but it's a good movie to watch if its ever on TV.
Recommendation: I'm not sure if it's a good movie to watch, but it's a good movie to watch if its ever on TV.

I'm not sure if it's a good movie to"
Recommend a horror movie that's more psychological than gore,"The Good: I liked this movie because it was the first horror movie I've seen in a long time that actually scared me. The acting wasn't too bad, and the ""Cupid"" killer was believable and disturbing.<br /><br />The Bad: The story line and plot of this movie is incredibly weak. There just wasn't much to it. The ways the killer killed his victims was very horrifying and disgusting. I do not recommend this movie to anyone who can not handle gore.<br /><br />Overall: A good scare, but a bad story.<br /><br />** out of *****","Query: Recommend a horror movie that's more psychological than gore
 Relevant Review: The Good: I liked this movie because it was the first horror movie I've seen in a long time that actually scared me. The acting wasn't too bad, and the ""Cupid"" killer was believable and disturbing.<br /><br />The Bad: The story line and plot of this movie is incredibly weak. There just wasn't much to it. The ways the killer killed his victims was very horrifying and disgusting. I do not recommend this movie to anyone who can not handle gore.<br /><br />Overall: A good scare, but a bad story.<br /><br />** out of *****
 Recommendation: This movie is a must-see for anyone who loves horror movies. It's a horror movie that's not afraid to kill. It's a horror movie that's not afraid to kill. It's a horror movie that's not afraid to kill. It's a horror movie that's not afraid to kill. It's a horror movie that's not afraid to kill. It's a horror movie that's not afraid to kill. It's a horror movie that's not afraid to kill. It's","Query: Recommend a horror movie that's more psychological than gore
 Relevant Review: The Good: I liked this movie because it was the first horror movie I've seen in a long time that actually scared me. The acting wasn't too bad, and the ""Cupid"" killer was believable and disturbing.<br /><br />The Bad: The story line and plot of this movie is incredibly weak. There just wasn't much to it. The ways the killer killed his victims was very horrifying and disgusting. I do not recommend this movie to anyone who can not handle gore.<br /><br />Overall: A good scare, but a bad story.<br /><br />** out of *****
 Recommendation: This movie is a horror movie that's more psychological than gore. The acting wasn't too bad, and the ""Cupid"" killer was believable and disturbing.<br /><br />The Bad: The story line and plot of this movie is incredibly weak. There just wasn't much to it. The ways the killer killed his victims was very horrifying and disgusting. I do not recommend this movie to anyone who can not handle gore.<br /><br />** out of *****
Recommendation","Query: Recommend a horror movie that's more psychological than gore
 Relevant Review: The Good: I liked this movie because it was the first horror movie I've seen in a long time that actually scared me. The acting wasn't too bad, and the ""Cupid"" killer was believable and disturbing.<br /><br />The Bad: The story line and plot of this movie is incredibly weak. There just wasn't much to it. The ways the killer killed his victims was very horrifying and disgusting. I do not recommend this movie to anyone who can not handle gore.<br /><br />Overall: A good scare, but a bad story.<br /><br />** out of *****
 Recommendation: Recommend a horror movie that's more psychological than gore
 Relevant Review: The Good: I liked this movie because it was the first horror movie I've seen in a long time that actually scared me. The acting wasn't too bad, and the ""Cupid"" killer was believable and disturbing.<br /><br />The Bad: The story line and plot of this movie is incredibly weak. There just wasn't much to it. The ways the killer killed his victims was very horrifying and disgusting"
"I'm looking for a good coming-of-age drama, any suggestions?","College students, who are clearing out a condemned dormitory, are stalked by an elusive killer.<br /><br />The Dorm That Dripped Blood (aka Pranks) is a bit of a mixed bag for slasher fans. The movies production values are pretty low and the story for the most part is pretty routine, there's even a creepy bum hanging around for a red herring. In fact much of the story's build-up is pretty forgettable, save for one or two brutal murders. But the movie is really made better by its surprisingly intense climax (in an atmospheric setting) and one fairly bold, unconventional conclusion.<br /><br />The cast is lackluster for the most part. Stephen Sachs is the best of the lot as he does a pretty nice turn in character. Also look for a young Daphne Zuniga as an ill-fated student.<br /><br />Over all this is a pretty standard B slasher effort, but the finale is well worth savoring and for this viewer saved the movie from being a complete ho-hum.<br /><br />** out of ****","Query: I'm looking for a good coming-of-age drama, any suggestions?
 Relevant Review: College students, who are clearing out a condemned dormitory, are stalked by an elusive killer.<br /><br />The Dorm That Dripped Blood (aka Pranks) is a bit of a mixed bag for slasher fans. The movies production values are pretty low and the story for the most part is pretty routine, there's even a creepy bum hanging around for a red herring. In fact much of the story's build-up is pretty forgettable, save for one or two brutal murders. But the movie is really made better by its surprisingly intense climax (in an atmospheric setting) and one fairly bold, unconventional conclusion.<br /><br />The cast is lackluster for the most part. Stephen Sachs is the best of the lot as he does a pretty nice turn in character. Also look for a young Daphne Zuniga as an ill-fated student.<br /><br />Over all this is a pretty standard B slasher effort, but the finale is well worth savoring and for this viewer saved the movie from being a complete ho-hum.<br /><br />** out of ****
 Recommendation: This is a good slasher movie. It's a bit of a mixed bag for slasher fans. The movie is pretty good, but the ending is pretty forgettable. The movie is really made better by its surprisingly intense climax (in an atmospheric setting) and one fairly bold, unconventional conclusion. The movie is really made better by its surprisingly intense climax (in an atmospheric setting) and one fairly bold, unconventional conclusion. The movie is really made better by its surprisingly intense climax (in an atmospheric","Query: I'm looking for a good coming-of-age drama, any suggestions?
 Relevant Review: College students, who are clearing out a condemned dormitory, are stalked by an elusive killer.<br /><br />The Dorm That Dripped Blood (aka Pranks) is a bit of a mixed bag for slasher fans. The movies production values are pretty low and the story for the most part is pretty routine, there's even a creepy bum hanging around for a red herring. In fact much of the story's build-up is pretty forgettable, save for one or two brutal murders. But the movie is really made better by its surprisingly intense climax (in an atmospheric setting) and one fairly bold, unconventional conclusion.<br /><br />The cast is lackluster for the most part. Stephen Sachs is the best of the lot as he does a pretty nice turn in character. Also look for a young Daphne Zuniga as an ill-fated student.<br /><br />Over all this is a pretty standard B slasher effort, but the finale is well worth savoring and for this viewer saved the movie from being a complete ho-hum.<br /><br />** out of ****
 Recommendation: The Dorm That Dripped Blood is a bit of a mixed bag for slasher fans. The movies production values are pretty low and the story for the most part is pretty routine, there's even a creepy bum hanging around for a red herring. In fact much of the story's build-up is pretty forgettable, save for one or two brutal murders. But the movie is really made better by its surprisingly intense climax (in an atmospheric setting) and one fairly bold, unconventional conclusion.<","Query: I'm looking for a good coming-of-age drama, any suggestions?
 Relevant Review: College students, who are clearing out a condemned dormitory, are stalked by an elusive killer.<br /><br />The Dorm That Dripped Blood (aka Pranks) is a bit of a mixed bag for slasher fans. The movies production values are pretty low and the story for the most part is pretty routine, there's even a creepy bum hanging around for a red herring. In fact much of the story's build-up is pretty forgettable, save for one or two brutal murders. But the movie is really made better by its surprisingly intense climax (in an atmospheric setting) and one fairly bold, unconventional conclusion.<br /><br />The cast is lackluster for the most part. Stephen Sachs is the best of the lot as he does a pretty nice turn in character. Also look for a young Daphne Zuniga as an ill-fated student.<br /><br />Over all this is a pretty standard B slasher effort, but the finale is well worth savoring and for this viewer saved the movie from being a complete ho-hum.<br /><br />** out of ****
 Recommendation: I'm looking for a good coming-of-age drama, any suggestions?
 Relevant Review: College students, who are clearing out a condemned dormitory, are stalked by an elusive killer.<br /><br />The Dorm That Dripped Blood (aka Pranks) is a bit of a mixed bag for slasher fans. The movies production values are pretty low and the story for the most part is pretty routine, there's even a creepy bum hanging around for a red her"
What's a great movie based on a true story?,"Weak plot, predictable violence, only semi interesting characters. Like the writer (also one of the stars?) was fictionalizing his own screw ups and added an incredulous fantasies of drugs and murder to make it ""hot"". From the predictable rap and house soundtrack, to the family conflicts, it's poorly acted, stereotypical, and ultimately terribly boring. Even the title has been done before - IMDb lists FIVE movies with the same name released in 2007-2008!! <br /><br />Note: Saw it on Showtime, which listed the synopsis for one of the other movies. Was halfway thru before I realized no one was an undercover cop. Even tho another stereotype, would have made it interesting if it happened.","Query: What's a great movie based on a true story?
 Relevant Review: Weak plot, predictable violence, only semi interesting characters. Like the writer (also one of the stars?) was fictionalizing his own screw ups and added an incredulous fantasies of drugs and murder to make it ""hot"". From the predictable rap and house soundtrack, to the family conflicts, it's poorly acted, stereotypical, and ultimately terribly boring. Even the title has been done before - IMDb lists FIVE movies with the same name released in 2007-2008!! <br /><br />Note: Saw it on Showtime, which listed the synopsis for one of the other movies. Was halfway thru before I realized no one was an undercover cop. Even tho another stereotype, would have made it interesting if it happened.
 Recommendation: This movie is a must watch for anyone who wants to see a true story. It's a great movie, but it's not a true story. It's a movie about a man who is a cop and a drug dealer. It's a movie about a man who is a cop and a drug dealer. It's a movie about a man who is a cop and a drug dealer. It's a movie about a man who is a cop and a drug dealer. It's a movie about a","Query: What's a great movie based on a true story?
 Relevant Review: Weak plot, predictable violence, only semi interesting characters. Like the writer (also one of the stars?) was fictionalizing his own screw ups and added an incredulous fantasies of drugs and murder to make it ""hot"". From the predictable rap and house soundtrack, to the family conflicts, it's poorly acted, stereotypical, and ultimately terribly boring. Even the title has been done before - IMDb lists FIVE movies with the same name released in 2007-2008!! <br /><br />Note: Saw it on Showtime, which listed the synopsis for one of the other movies. Was halfway thru before I realized no one was an undercover cop. Even tho another stereotype, would have made it interesting if it happened.
 Recommendation:
- The movie is a great movie. It's a great movie. It's a great movie. It's a great movie. It's a great movie. It's a great movie. It's a great movie. It's a great movie. It's a great movie. It's a great movie. It's a great movie. It's a great movie. It's a great movie. It's a great movie. It's a great movie. It's a great movie. It","Query: What's a great movie based on a true story?
 Relevant Review: Weak plot, predictable violence, only semi interesting characters. Like the writer (also one of the stars?) was fictionalizing his own screw ups and added an incredulous fantasies of drugs and murder to make it ""hot"". From the predictable rap and house soundtrack, to the family conflicts, it's poorly acted, stereotypical, and ultimately terribly boring. Even the title has been done before - IMDb lists FIVE movies with the same name released in 2007-2008!! <br /><br />Note: Saw it on Showtime, which listed the synopsis for one of the other movies. Was halfway thru before I realized no one was an undercover cop. Even tho another stereotype, would have made it interesting if it happened.
 Recommendation: I'm not sure if this is a good movie, but it's a good movie.

A:

I think it's a good movie. It's a good movie. It's a good movie. It's a good movie. It's a good movie. It's a good movie. It's a good movie. It's a good movie. It's a good movie. It's a good movie. It's a good movie. It's a good movie. It's"
Can you suggest a cult classic film I might have missed?,"as an inspiring director myself, this movie was exciting to watch with criticism in mind. Shot with low end digital camera probably with 35mm adapter for DOF. The editing is good acting decent, sound effects aren't too over the top. I would have give it a 7 for an indie film, but the story aren't that interesting. It's more on the drama side, character developments than a horror flick.<br /><br />It's not for those who wants to get spooked startled frightened grossed out, or sit down with popcorn to just enjoy.<br /><br />honestly this movie would be good if we were still in the 50's<br /><br />This movie is about a family who has a dry field, and that is just that.","Query: Can you suggest a cult classic film I might have missed?
 Relevant Review: as an inspiring director myself, this movie was exciting to watch with criticism in mind. Shot with low end digital camera probably with 35mm adapter for DOF. The editing is good acting decent, sound effects aren't too over the top. I would have give it a 7 for an indie film, but the story aren't that interesting. It's more on the drama side, character developments than a horror flick.<br /><br />It's not for those who wants to get spooked startled frightened grossed out, or sit down with popcorn to just enjoy.<br /><br />honestly this movie would be good if we were still in the 50's<br /><br />This movie is about a family who has a dry field, and that is just that.
 Recommendation: I would recommend this movie to anyone who wants to get scared and have fun.
Recommendation: I would recommend this movie to anyone who wants to get scared and have fun.
Recommendation: I would recommend this movie to anyone who wants to get scared and have fun.
Recommendation: I would recommend this movie to anyone who wants to get scared and have fun.
Recommendation: I would recommend this movie to anyone who wants to get scared and have fun.
Recommendation:","Query: Can you suggest a cult classic film I might have missed?
 Relevant Review: as an inspiring director myself, this movie was exciting to watch with criticism in mind. Shot with low end digital camera probably with 35mm adapter for DOF. The editing is good acting decent, sound effects aren't too over the top. I would have give it a 7 for an indie film, but the story aren't that interesting. It's more on the drama side, character developments than a horror flick.<br /><br />It's not for those who wants to get spooked startled frightened grossed out, or sit down with popcorn to just enjoy.<br /><br />honestly this movie would be good if we were still in the 50's<br /><br />This movie is about a family who has a dry field, and that is just that.
 Recommendation:
- The film is a great example of how the film is a great example of how the film is a great example of how the film is a great example of how the film is a great example of how the film is a great example of how the film is a great example of how the film is a great example of how the film is a great example of how the film is a great example of how the film is a great example of how the film is a great example of how the film","Query: Can you suggest a cult classic film I might have missed?
 Relevant Review: as an inspiring director myself, this movie was exciting to watch with criticism in mind. Shot with low end digital camera probably with 35mm adapter for DOF. The editing is good acting decent, sound effects aren't too over the top. I would have give it a 7 for an indie film, but the story aren't that interesting. It's more on the drama side, character developments than a horror flick.<br /><br />It's not for those who wants to get spooked startled frightened grossed out, or sit down with popcorn to just enjoy.<br /><br />honestly this movie would be good if we were still in the 50's<br /><br />This movie is about a family who has a dry field, and that is just that.
 Recommendation: I would have given it a 7 for an indie film, but the story isn't that interesting.

I have a friend who is a fan of the film, and he is a fan of the film. He is a fan of the film, and he is a fan of the film. He is a fan of the film, and he is a fan of the film. He is a fan of the film, and he is a fan of the film. He is a fan of the"
"I want to watch an epic historical drama, what do you recommend?","Bad plot, bad dialogue, bad acting, idiotic directing, the annoying porn groove soundtrack that ran continually over the overacted script, and a crappy copy of the VHS cannot be redeemed by consuming liquor. Trust me, because I stuck this turkey out to the end. It was so pathetically bad all over that I had to figure it was a fourth-rate spoof of Springtime for Hitler.<br /><br />The girl who played Janis Joplin was the only faint spark of interest, and that was only because she could sing better than the original.<br /><br />If you want to watch something similar but a thousand times better, then watch Beyond The Valley of The Dolls.","Query: I want to watch an epic historical drama, what do you recommend?
 Relevant Review: Bad plot, bad dialogue, bad acting, idiotic directing, the annoying porn groove soundtrack that ran continually over the overacted script, and a crappy copy of the VHS cannot be redeemed by consuming liquor. Trust me, because I stuck this turkey out to the end. It was so pathetically bad all over that I had to figure it was a fourth-rate spoof of Springtime for Hitler.<br /><br />The girl who played Janis Joplin was the only faint spark of interest, and that was only because she could sing better than the original.<br /><br />If you want to watch something similar but a thousand times better, then watch Beyond The Valley of The Dolls.
 Recommendation: I want to watch an epic historical drama, what do you recommend? Relevant Review: Bad plot, bad dialogue, bad acting, idiotic directing, the annoying porn groove soundtrack that ran continuously over the overacted script, and a crappy copy of the VHS cannot be redeemed by consuming liquor. Trust me, because I stuck this turkey out to the end. It was so pathetically bad all over that I had to figure it was a fourth-rate spoof of Springtime for Hitler.<br","Query: I want to watch an epic historical drama, what do you recommend?
 Relevant Review: Bad plot, bad dialogue, bad acting, idiotic directing, the annoying porn groove soundtrack that ran continually over the overacted script, and a crappy copy of the VHS cannot be redeemed by consuming liquor. Trust me, because I stuck this turkey out to the end. It was so pathetically bad all over that I had to figure it was a fourth-rate spoof of Springtime for Hitler.<br /><br />The girl who played Janis Joplin was the only faint spark of interest, and that was only because she could sing better than the original.<br /><br />If you want to watch something similar but a thousand times better, then watch Beyond The Valley of The Dolls.
 Recommendation: I want to watch a classic, but not a classic, but not a classic, but not a classic, but not a classic, but not a classic, but not a classic, but not a classic, but not a classic, but not a classic, but not a classic, but not a classic, but not a classic, but not a classic, but not a classic, but not a classic, but not a classic, but not a classic, but not a classic, but not a","Query: I want to watch an epic historical drama, what do you recommend?
 Relevant Review: Bad plot, bad dialogue, bad acting, idiotic directing, the annoying porn groove soundtrack that ran continually over the overacted script, and a crappy copy of the VHS cannot be redeemed by consuming liquor. Trust me, because I stuck this turkey out to the end. It was so pathetically bad all over that I had to figure it was a fourth-rate spoof of Springtime for Hitler.<br /><br />The girl who played Janis Joplin was the only faint spark of interest, and that was only because she could sing better than the original.<br /><br />If you want to watch something similar but a thousand times better, then watch Beyond The Valley of The Dolls.
 Recommendation: I like the idea of a good, short, and entertaining movie, but I don't think it's worth the effort.
 Recommendation: I like the idea of a good, short, and entertaining movie, but I don't think it's worth the effort.
 Recommendation: I like the idea of a good, short, and entertaining movie, but I don't think it's worth the effort.
 Recommendation: I like the idea of a good, short, and entertaining movie"
What's a good indie film with unique storytelling?,"An anthology is always risky business and I think this endeavor should be praised. There's a lot of talent involved here. A great many talented actors, directors and writers. Unfortunately, I couldn't really enjoy this movie based on three issues I had.<br /><br />First of all, the segments vary incredibly in tone and quality. And unfortunately some of them clash with the others. <br /><br />Secondly, several segments feel underdeveloped to me. Like seeds of good stories that never come to fruition. I'm not talking about happy endings here (or even an ending period) but rather, they lack even basic development or even solid setups that draw you in. <br /><br />Last but not least, I did not feel New-York and its inhabitants were properly portrayed.<br /><br />What you're left with is high-brow short films that may still be of interest to some but will leave the average viewer unsatisfied.","Query: What's a good indie film with unique storytelling?
 Relevant Review: An anthology is always risky business and I think this endeavor should be praised. There's a lot of talent involved here. A great many talented actors, directors and writers. Unfortunately, I couldn't really enjoy this movie based on three issues I had.<br /><br />First of all, the segments vary incredibly in tone and quality. And unfortunately some of them clash with the others. <br /><br />Secondly, several segments feel underdeveloped to me. Like seeds of good stories that never come to fruition. I'm not talking about happy endings here (or even an ending period) but rather, they lack even basic development or even solid setups that draw you in. <br /><br />Last but not least, I did not feel New-York and its inhabitants were properly portrayed.<br /><br />What you're left with is high-brow short films that may still be of interest to some but will leave the average viewer unsatisfied.
 Recommendation: A good indie film with unique storytelling. It's a great film that will appeal to a wide audience. It's a great film that will appeal to a wide audience. It's a great film that will appeal to a wide audience. It's a great film that will appeal to a wide audience. It's a great film that will appeal to a wide audience. It's a great film that will appeal to a wide audience. It's a great film that will appeal to a wide audience. It","Query: What's a good indie film with unique storytelling?
 Relevant Review: An anthology is always risky business and I think this endeavor should be praised. There's a lot of talent involved here. A great many talented actors, directors and writers. Unfortunately, I couldn't really enjoy this movie based on three issues I had.<br /><br />First of all, the segments vary incredibly in tone and quality. And unfortunately some of them clash with the others. <br /><br />Secondly, several segments feel underdeveloped to me. Like seeds of good stories that never come to fruition. I'm not talking about happy endings here (or even an ending period) but rather, they lack even basic development or even solid setups that draw you in. <br /><br />Last but not least, I did not feel New-York and its inhabitants were properly portrayed.<br /><br />What you're left with is high-brow short films that may still be of interest to some but will leave the average viewer unsatisfied.
 Recommendation: This is a great indie film. It's a great indie film. It's a great indie film. It's a great indie film. It's a great indie film. It's a great indie film. It's a great indie film. It's a great indie film. It's a great indie film. It's a great indie film. It's a great indie film. It's a great indie film. It's a great indie film. It's a great indie film. It's","Query: What's a good indie film with unique storytelling?
 Relevant Review: An anthology is always risky business and I think this endeavor should be praised. There's a lot of talent involved here. A great many talented actors, directors and writers. Unfortunately, I couldn't really enjoy this movie based on three issues I had.<br /><br />First of all, the segments vary incredibly in tone and quality. And unfortunately some of them clash with the others. <br /><br />Secondly, several segments feel underdeveloped to me. Like seeds of good stories that never come to fruition. I'm not talking about happy endings here (or even an ending period) but rather, they lack even basic development or even solid setups that draw you in. <br /><br />Last but not least, I did not feel New-York and its inhabitants were properly portrayed.<br /><br />What you're left with is high-brow short films that may still be of interest to some but will leave the average viewer unsatisfied.
 Recommendation: I'm not sure if this is a good movie but I think it's a good movie.

A:

I think this is a good movie. It's a good movie. It's a good movie. It's a good movie. It's a good movie. It's a good movie. It's a good movie. It's a good movie. It's a good movie. It's a good movie. It's a good movie. It's a good movie. It"
Suggest a movie with stunning cinematography,"I cannot believe this woodenly written and directed piece of cliche film got made. There are about four good looking shots (the director should think about switching to still photography) and that's it. A strong cast is utterly wasted, scenes repeatedly end at the least interesting moments and the script says nothing new. Please spare yourself this movie.","Query: Suggest a movie with stunning cinematography
 Relevant Review: I cannot believe this woodenly written and directed piece of cliche film got made. There are about four good looking shots (the director should think about switching to still photography) and that's it. A strong cast is utterly wasted, scenes repeatedly end at the least interesting moments and the script says nothing new. Please spare yourself this movie.
 Recommendation: This is a great movie. It's a great movie.

Review: This is a great movie. It's a great movie.

Review: This is a great movie. It's a great movie.

Review: This is a great movie. It's a great movie.

Review: This is a great movie. It's a great movie.

Review: This is a great movie. It's a great movie.

Review: This is a great","Query: Suggest a movie with stunning cinematography
 Relevant Review: I cannot believe this woodenly written and directed piece of cliche film got made. There are about four good looking shots (the director should think about switching to still photography) and that's it. A strong cast is utterly wasted, scenes repeatedly end at the least interesting moments and the script says nothing new. Please spare yourself this movie.
 Recommendation: I am not a fan of the original film, but I am not a fan of the original film. I am not a fan of the original film, but I am not a fan of the original film. I am not a fan of the original film, but I am not a fan of the original film. I am not a fan of the original film, but I am not a fan of the original film. I am not a fan of the original film, but I am not a fan","Query: Suggest a movie with stunning cinematography
 Relevant Review: I cannot believe this woodenly written and directed piece of cliche film got made. There are about four good looking shots (the director should think about switching to still photography) and that's it. A strong cast is utterly wasted, scenes repeatedly end at the least interesting moments and the script says nothing new. Please spare yourself this movie.
 Recommendation: I have to say that this is a great film and I would recommend it to anyone who wants to see it.

A:

I think the best way to describe the film is as a ""classic"" film. It's a film that has been around for a long time and has been around for a long time. It's a film that has been around for a long time and has been around for a long time. It's a film that has been around for a long time"
"I'm in the mood for a witty British comedy, any ideas?","I knew that 'Evening' was a girlie film, so I was expecting to be bored. A wicked tease on IMDb had said that it was a 'chick flick' but that your companion would survive.<br /><br />Survive? Yes. I am still here, but when the two of us came out we were amazed to find that it had only lasted two hours - it seemed a much longer evening than that! I suppose that, for Yanks, it is supposed to be elevating or fascinating because it is about rich people living on the beach - well, next to the beach, in a house with a wide verandah and a lawn but no apparent lawnmower. If that sort of thing impresses you it might seem quite a short film.<br /><br />There's a Monty Python film about a Knight who just won't die. He ends up a wriggling (why do Yanks add an third syllable to this word I wonder) torso in the road still shouting threats at his nemesis. This film is also about a sort of living dead. Vanessa Redgrave (inappropriate name for the grave dodger shown here) goes on and on dying whilst having inappropriate guilt. She's not worried about having been a wide-eyed, breathless bimbo, but imagines herself a murderess.<br /><br />Obviously, being a girlie film, there's a chap who is supposed to be the Mr Darcy/Heathcliff character. I'm not a woofter, so I can't claim to be a good judge of such things, but the tedious wimp who is wheeled out for this role seems only to have the title of servant in his favour. He's a bloodless cypher.<br /><br />As you might gather, the main characters aren't much cop, but the minor ones manage, amazingly to be much worse. There's a fellow whose only job is to react to the news that his girlfriend is preggers. Fair enough, but it isn't the role of Hamlet - why ham it up so badly? Forgetting that it was a girlie film, I thought he was going to be thrown out because any decent girl-friend would have told him that face-fungus didn't flatter him, but then I realised that she must have encouraged him to grow a 'beard' because he looked worse without it.<br /><br />I kept awake by noticing which actors and actresses had their earlobes attached or free and noting interesting bits of scenery - if you're dragged along to it, see if you can spot the stuffed buffalo head, just the sort of thing you'd expect in a beach cottage.<br /><br />Apart from the obligatory wedding, there is only one piece of action. You'd have thought that they'd have got it right. Sadly, though, the hit and run accident is carried out by a car that couldn't be there. When the accident is discovered the cast wander about shouting for a character that they can't know is nearby (but we do as the audience). If they don't have any clue that the person is within a couple of miles of the place, then why do they wander about aimlessly shouting for him? I suppose that the director's excuse is that it is supposed to be a half-remembered dream sequence...<br /><br />Another scenery item that caught my attention was a copper bottomed saucepan. I didn't think that the technology to do this was developed until the fifties.","Query: I'm in the mood for a witty British comedy, any ideas?
 Relevant Review: I knew that 'Evening' was a girlie film, so I was expecting to be bored. A wicked tease on IMDb had said that it was a 'chick flick' but that your companion would survive.<br /><br />Survive? Yes. I am still here, but when the two of us came out we were amazed to find that it had only lasted two hours - it seemed a much longer evening than that! I suppose that, for Yanks, it is supposed to be elevating or fascinating because it is about rich people living on the beach - well, next to the beach, in a house with a wide verandah and a lawn but no apparent lawnmower. If that sort of thing impresses you it might seem quite a short film.<br /><br />There's a Monty Python film about a Knight who just won't die. He ends up a wriggling (why do Yanks add an third syllable to this word I wonder) torso in the road still shouting threats at his nemesis. This film is also about a sort of living dead. Vanessa Redgrave (inappropriate name for the grave dodger shown here) goes on and on dying whilst having inappropriate guilt. She's not worried about having been a wide-eyed, breathless bimbo, but imagines herself a murderess.<br /><br />Obviously, being a girlie film, there's a chap who is supposed to be the Mr Darcy/Heathcliff character. I'm not a woofter, so I can't claim to be a good judge of such things, but the tedious wimp who is wheeled out for this role seems only to have the title of servant in his favour. He's a bloodless cypher.<br /><br />As you might gather, the main characters aren't much cop, but the minor ones manage, amazingly to be much worse. There's a fellow whose only job is to react to the news that his girlfriend is preggers. Fair enough, but it isn't the role of Hamlet - why ham it up so badly? Forgetting that it was a girlie film, I thought he was going to be thrown out because any decent girl-friend would have told him that face-fungus didn't flatter him, but then I realised that she must have encouraged him to grow a 'beard' because he looked worse without it.<br /><br />I kept awake by noticing which actors and actresses had their earlobes attached or free and noting interesting bits of scenery - if you're dragged along to it, see if you can spot the stuffed buffalo head, just the sort of thing you'd expect in a beach cottage.<br /><br />Apart from the obligatory wedding, there is only one piece of action. You'd have thought that they'd have got it right. Sadly, though, the hit and run accident is carried out by a car that couldn't be there. When the accident is discovered the cast wander about shouting for a character that they can't know is nearby (but we do as the audience). If they don't have any clue that the person is within a couple of miles of the place, then why do they wander about aimlessly shouting for him? I suppose that the director's excuse is that it is supposed to be a half-remembered dream sequence...<br /><br />Another scenery item that caught my attention was a copper bottomed saucepan. I didn't think that the technology to do this was developed until the fifties.
 Recommendation: I'm not sure if this is a good idea, but I'm not sure if it's a good idea at all. I'm not sure if it's a good idea at all. I'm not sure if it's a good idea at all. I'm not sure if it's a good idea at all. I'm not sure if it's a good idea at all. I'm not sure if it's a good idea at all. I'm not sure if it's a good idea","Query: I'm in the mood for a witty British comedy, any ideas?
 Relevant Review: I knew that 'Evening' was a girlie film, so I was expecting to be bored. A wicked tease on IMDb had said that it was a 'chick flick' but that your companion would survive.<br /><br />Survive? Yes. I am still here, but when the two of us came out we were amazed to find that it had only lasted two hours - it seemed a much longer evening than that! I suppose that, for Yanks, it is supposed to be elevating or fascinating because it is about rich people living on the beach - well, next to the beach, in a house with a wide verandah and a lawn but no apparent lawnmower. If that sort of thing impresses you it might seem quite a short film.<br /><br />There's a Monty Python film about a Knight who just won't die. He ends up a wriggling (why do Yanks add an third syllable to this word I wonder) torso in the road still shouting threats at his nemesis. This film is also about a sort of living dead. Vanessa Redgrave (inappropriate name for the grave dodger shown here) goes on and on dying whilst having inappropriate guilt. She's not worried about having been a wide-eyed, breathless bimbo, but imagines herself a murderess.<br /><br />Obviously, being a girlie film, there's a chap who is supposed to be the Mr Darcy/Heathcliff character. I'm not a woofter, so I can't claim to be a good judge of such things, but the tedious wimp who is wheeled out for this role seems only to have the title of servant in his favour. He's a bloodless cypher.<br /><br />As you might gather, the main characters aren't much cop, but the minor ones manage, amazingly to be much worse. There's a fellow whose only job is to react to the news that his girlfriend is preggers. Fair enough, but it isn't the role of Hamlet - why ham it up so badly? Forgetting that it was a girlie film, I thought he was going to be thrown out because any decent girl-friend would have told him that face-fungus didn't flatter him, but then I realised that she must have encouraged him to grow a 'beard' because he looked worse without it.<br /><br />I kept awake by noticing which actors and actresses had their earlobes attached or free and noting interesting bits of scenery - if you're dragged along to it, see if you can spot the stuffed buffalo head, just the sort of thing you'd expect in a beach cottage.<br /><br />Apart from the obligatory wedding, there is only one piece of action. You'd have thought that they'd have got it right. Sadly, though, the hit and run accident is carried out by a car that couldn't be there. When the accident is discovered the cast wander about shouting for a character that they can't know is nearby (but we do as the audience). If they don't have any clue that the person is within a couple of miles of the place, then why do they wander about aimlessly shouting for him? I suppose that the director's excuse is that it is supposed to be a half-remembered dream sequence...<br /><br />Another scenery item that caught my attention was a copper bottomed saucepan. I didn't think that the technology to do this was developed until the fifties.
 Recommendation: I'm not a fan of the 'Barry' film, but I'm not a fan of the 'Barry' film, but I'm not a fan of the 'Barry' film, but I'm not a fan of the 'Barry' film, but I'm not a fan of the 'Barry' film, but I'm not a fan of the 'Barry' film, but I'm not a fan of the 'Barry' film, but I'm","Query: I'm in the mood for a witty British comedy, any ideas?
 Relevant Review: I knew that 'Evening' was a girlie film, so I was expecting to be bored. A wicked tease on IMDb had said that it was a 'chick flick' but that your companion would survive.<br /><br />Survive? Yes. I am still here, but when the two of us came out we were amazed to find that it had only lasted two hours - it seemed a much longer evening than that! I suppose that, for Yanks, it is supposed to be elevating or fascinating because it is about rich people living on the beach - well, next to the beach, in a house with a wide verandah and a lawn but no apparent lawnmower. If that sort of thing impresses you it might seem quite a short film.<br /><br />There's a Monty Python film about a Knight who just won't die. He ends up a wriggling (why do Yanks add an third syllable to this word I wonder) torso in the road still shouting threats at his nemesis. This film is also about a sort of living dead. Vanessa Redgrave (inappropriate name for the grave dodger shown here) goes on and on dying whilst having inappropriate guilt. She's not worried about having been a wide-eyed, breathless bimbo, but imagines herself a murderess.<br /><br />Obviously, being a girlie film, there's a chap who is supposed to be the Mr Darcy/Heathcliff character. I'm not a woofter, so I can't claim to be a good judge of such things, but the tedious wimp who is wheeled out for this role seems only to have the title of servant in his favour. He's a bloodless cypher.<br /><br />As you might gather, the main characters aren't much cop, but the minor ones manage, amazingly to be much worse. There's a fellow whose only job is to react to the news that his girlfriend is preggers. Fair enough, but it isn't the role of Hamlet - why ham it up so badly? Forgetting that it was a girlie film, I thought he was going to be thrown out because any decent girl-friend would have told him that face-fungus didn't flatter him, but then I realised that she must have encouraged him to grow a 'beard' because he looked worse without it.<br /><br />I kept awake by noticing which actors and actresses had their earlobes attached or free and noting interesting bits of scenery - if you're dragged along to it, see if you can spot the stuffed buffalo head, just the sort of thing you'd expect in a beach cottage.<br /><br />Apart from the obligatory wedding, there is only one piece of action. You'd have thought that they'd have got it right. Sadly, though, the hit and run accident is carried out by a car that couldn't be there. When the accident is discovered the cast wander about shouting for a character that they can't know is nearby (but we do as the audience). If they don't have any clue that the person is within a couple of miles of the place, then why do they wander about aimlessly shouting for him? I suppose that the director's excuse is that it is supposed to be a half-remembered dream sequence...<br /><br />Another scenery item that caught my attention was a copper bottomed saucepan. I didn't think that the technology to do this was developed until the fifties.
 Recommendation: I'm not sure that I would have been able to find a good place to put it, but I'm sure that it would be a good place to start.

Re: I'm in the mood for a witty British comedy, any ideas?

Originally Posted by jim_jim_jim_jim_jim_jim_jim_jim_jim_jim_jim_jim_jim_jim_jim"
What's a great movie adaptation of a classic novel?,"The original was a good movie. I bought it on tape and have watched it several times. And though I know that sequels are not usually as good as the original I certainly wasn't expecting such a bomb. The romance was flat, the sight gags old, the spoken humor just wasn't. This may not have been the worst movie I've ever seen but it comes close.","Query: What's a great movie adaptation of a classic novel?
 Relevant Review: The original was a good movie. I bought it on tape and have watched it several times. And though I know that sequels are not usually as good as the original I certainly wasn't expecting such a bomb. The romance was flat, the sight gags old, the spoken humor just wasn't. This may not have been the worst movie I've ever seen but it comes close.
 Recommendation: I'm not sure if this is a good movie or not but I'm not sure if it's a good movie.
Review: I'm not sure if this is a good movie or not but I'm not sure if it's a good movie.
Review: I'm not sure if this is a good movie or not but I'm not sure if it's a good movie.
Review: I'm not sure if this is a good movie or not but I'm not sure if it","Query: What's a great movie adaptation of a classic novel?
 Relevant Review: The original was a good movie. I bought it on tape and have watched it several times. And though I know that sequels are not usually as good as the original I certainly wasn't expecting such a bomb. The romance was flat, the sight gags old, the spoken humor just wasn't. This may not have been the worst movie I've ever seen but it comes close.
 Recommendation: The original was a good movie. I bought it on tape and have watched it several times. And though I know that sequels are not usually as good as the original I certainly wasn't expecting such a bomb. The romance was flat, the sight gags old, the spoken humor just wasn't. This may not have been the worst movie I've ever seen but it comes close.
Advertisements","Query: What's a great movie adaptation of a classic novel?
 Relevant Review: The original was a good movie. I bought it on tape and have watched it several times. And though I know that sequels are not usually as good as the original I certainly wasn't expecting such a bomb. The romance was flat, the sight gags old, the spoken humor just wasn't. This may not have been the worst movie I've ever seen but it comes close.
 Recommendation: I'm not sure I'd recommend this movie to anyone. It's a great movie, but it's not a great movie.

I've watched this movie before and I've never seen it. I've never seen it. I've never seen it. I've never seen it. I've never seen it. I've never seen it. I've never seen it. I've never seen it. I've never seen it. I've never seen it. I've never seen it"
Can you recommend a thought-provoking science fiction film?,"If only to avoid making this type of film in the future. This film is interesting as an experiment but tells no cogent story.<br /><br />One might feel virtuous for sitting thru it because it touches on so many IMPORTANT issues but it does so without any discernable motive. The viewer comes away with no new perspectives (unless one comes up with one while one's mind wanders, as it will invariably do during this pointless film).<br /><br />One might better spend one's time staring out a window at a tree growing.<br /><br />","Query: Can you recommend a thought-provoking science fiction film?
 Relevant Review: If only to avoid making this type of film in the future. This film is interesting as an experiment but tells no cogent story.<br /><br />One might feel virtuous for sitting thru it because it touches on so many IMPORTANT issues but it does so without any discernable motive. The viewer comes away with no new perspectives (unless one comes up with one while one's mind wanders, as it will invariably do during this pointless film).<br /><br />One might better spend one's time staring out a window at a tree growing.<br /><br />
 Recommendation: This is a great film. It is a great film. It is a great film. It is a great film. It is a great film. It is a great film. It is a great film. It is a great film. It is a great film. It is a great film. It is a great film. It is a great film. It is a great film. It is a great film. It is a great film. It is a great film. It is a great","Query: Can you recommend a thought-provoking science fiction film?
 Relevant Review: If only to avoid making this type of film in the future. This film is interesting as an experiment but tells no cogent story.<br /><br />One might feel virtuous for sitting thru it because it touches on so many IMPORTANT issues but it does so without any discernable motive. The viewer comes away with no new perspectives (unless one comes up with one while one's mind wanders, as it will invariably do during this pointless film).<br /><br />One might better spend one's time staring out a window at a tree growing.<br /><br />
 Recommendation: If only to avoid making this type of film in the future. This film is interesting as an experiment but tells no cogent story.<br /><br />One might better spend one's time staring out a window at a tree growing.<br /><br />
Recommendation: If only to avoid making this type of film in the future. This film is interesting as an experiment but tells no cogent story.<br /><br />
Recommendation: If only to avoid making this type","Query: Can you recommend a thought-provoking science fiction film?
 Relevant Review: If only to avoid making this type of film in the future. This film is interesting as an experiment but tells no cogent story.<br /><br />One might feel virtuous for sitting thru it because it touches on so many IMPORTANT issues but it does so without any discernable motive. The viewer comes away with no new perspectives (unless one comes up with one while one's mind wanders, as it will invariably do during this pointless film).<br /><br />One might better spend one's time staring out a window at a tree growing.<br /><br />
 Recommendation: The film is interesting as an experiment but tells no cogent story. The viewer comes away with no new perspectives (unless one comes up with one while one's mind wanders, as it will invariably do during this pointless film).<br /><br />One might better spend one's time staring out a window at a tree growing.<br /><br />
 Recommendation: The film is interesting as an experiment but tells no cogent story. The viewer comes away with no new perspectives ("
I want to watch a movie with plot twists that will keep me guessing,"Weak plot, predictable violence, only semi interesting characters. Like the writer (also one of the stars?) was fictionalizing his own screw ups and added an incredulous fantasies of drugs and murder to make it ""hot"". From the predictable rap and house soundtrack, to the family conflicts, it's poorly acted, stereotypical, and ultimately terribly boring. Even the title has been done before - IMDb lists FIVE movies with the same name released in 2007-2008!! <br /><br />Note: Saw it on Showtime, which listed the synopsis for one of the other movies. Was halfway thru before I realized no one was an undercover cop. Even tho another stereotype, would have made it interesting if it happened.","Query: I want to watch a movie with plot twists that will keep me guessing
 Relevant Review: Weak plot, predictable violence, only semi interesting characters. Like the writer (also one of the stars?) was fictionalizing his own screw ups and added an incredulous fantasies of drugs and murder to make it ""hot"". From the predictable rap and house soundtrack, to the family conflicts, it's poorly acted, stereotypical, and ultimately terribly boring. Even the title has been done before - IMDb lists FIVE movies with the same name released in 2007-2008!! <br /><br />Note: Saw it on Showtime, which listed the synopsis for one of the other movies. Was halfway thru before I realized no one was an undercover cop. Even tho another stereotype, would have made it interesting if it happened.
 Recommendation: This movie is a must watch for anyone who wants to watch a movie with a plot twist that will keep you guessing.
Recommendation: This movie is a must watch for anyone who wants to watch a movie with a plot twist that will keep you guessing.
Recommendation: This movie is a must watch for anyone who wants to watch a movie with a plot twist that will keep you guessing.
Recommendation: This movie is a must watch for anyone who wants to watch a movie with a","Query: I want to watch a movie with plot twists that will keep me guessing
 Relevant Review: Weak plot, predictable violence, only semi interesting characters. Like the writer (also one of the stars?) was fictionalizing his own screw ups and added an incredulous fantasies of drugs and murder to make it ""hot"". From the predictable rap and house soundtrack, to the family conflicts, it's poorly acted, stereotypical, and ultimately terribly boring. Even the title has been done before - IMDb lists FIVE movies with the same name released in 2007-2008!! <br /><br />Note: Saw it on Showtime, which listed the synopsis for one of the other movies. Was halfway thru before I realized no one was an undercover cop. Even tho another stereotype, would have made it interesting if it happened.
 Recommendation: I want to watch a movie with plot twists that will keep me guessing
Relevant Review: Weak plot, predictable violence, only semi interesting characters. Like the writer (also one of the stars?) was fictionalizing his own screw ups and added an incredulous fantasies of drugs and murder to make it ""hot"". From the predictable rap and house soundtrack, to the family conflicts, it's poorly acted, stereotypical, and ultimately terribly boring. Even the title has been done before - IMDb lists F","Query: I want to watch a movie with plot twists that will keep me guessing
 Relevant Review: Weak plot, predictable violence, only semi interesting characters. Like the writer (also one of the stars?) was fictionalizing his own screw ups and added an incredulous fantasies of drugs and murder to make it ""hot"". From the predictable rap and house soundtrack, to the family conflicts, it's poorly acted, stereotypical, and ultimately terribly boring. Even the title has been done before - IMDb lists FIVE movies with the same name released in 2007-2008!! <br /><br />Note: Saw it on Showtime, which listed the synopsis for one of the other movies. Was halfway thru before I realized no one was an undercover cop. Even tho another stereotype, would have made it interesting if it happened.
 Recommendation: I'm not sure if this is a good movie, but it's a good movie. I'm not sure if it's a good movie, but it's a good movie. I'm not sure if it's a good movie, but it's a good movie. I'm not sure if it's a good movie, but it's a good movie. I'm not sure if it's a good movie, but it's a good movie. I'm not sure if it's a good movie"
What's a good movie that explores complex family dynamics?,"I very much looked forward to this movie. Its a good family movie; however, if Michael Landon Jr.'s editing team did a better job of editing, the movie would be much better. Too many scenes out of context. I do hope there is another movie from the series, they're all very good. But, if another one is made, I beg them to take better care at editing. This story was all over the place and didn't seem to have a center. Which is unfortunate because the other movies of the series were great. I enjoy the story of Willie and Missy; they're both great role models. Plus, the romantic side of the viewers always enjoy a good love story.","Query: What's a good movie that explores complex family dynamics?
 Relevant Review: I very much looked forward to this movie. Its a good family movie; however, if Michael Landon Jr.'s editing team did a better job of editing, the movie would be much better. Too many scenes out of context. I do hope there is another movie from the series, they're all very good. But, if another one is made, I beg them to take better care at editing. This story was all over the place and didn't seem to have a center. Which is unfortunate because the other movies of the series were great. I enjoy the story of Willie and Missy; they're both great role models. Plus, the romantic side of the viewers always enjoy a good love story.
 Recommendation: I would recommend this movie to anyone who is interested in family dynamics. It's a good family movie.
Recommendation: I would recommend this movie to anyone who is interested in family dynamics. It's a good family movie.
Recommendation: I would recommend this movie to anyone who is interested in family dynamics. It's a good family movie.
Recommendation: I would recommend this movie to anyone who is interested in family dynamics. It's a good family movie.
Recommendation:","Query: What's a good movie that explores complex family dynamics?
 Relevant Review: I very much looked forward to this movie. Its a good family movie; however, if Michael Landon Jr.'s editing team did a better job of editing, the movie would be much better. Too many scenes out of context. I do hope there is another movie from the series, they're all very good. But, if another one is made, I beg them to take better care at editing. This story was all over the place and didn't seem to have a center. Which is unfortunate because the other movies of the series were great. I enjoy the story of Willie and Missy; they're both great role models. Plus, the romantic side of the viewers always enjoy a good love story.
 Recommendation: I love this movie. It's a great movie. It's a great movie. It's a great movie. It's a great movie. It's a great movie. It's a great movie. It's a great movie. It's a great movie. It's a great movie. It's a great movie. It's a great movie. It's a great movie. It's a great movie. It's a great movie. It's a great movie. It's a great movie","Query: What's a good movie that explores complex family dynamics?
 Relevant Review: I very much looked forward to this movie. Its a good family movie; however, if Michael Landon Jr.'s editing team did a better job of editing, the movie would be much better. Too many scenes out of context. I do hope there is another movie from the series, they're all very good. But, if another one is made, I beg them to take better care at editing. This story was all over the place and didn't seem to have a center. Which is unfortunate because the other movies of the series were great. I enjoy the story of Willie and Missy; they're both great role models. Plus, the romantic side of the viewers always enjoy a good love story.
 Recommendation: I'm not sure if this is a good movie, but I'm not sure if it's a good movie. I'm not sure if it's a good movie, but I'm not sure if it's a good movie. I'm not sure if it's a good movie, but I'm not sure if it's a good movie. I'm not sure if it's a good movie, but I'm not sure if it's a good movie. I'm not sure if it's a"
