﻿query,retrieved_info,response_model_1,response_model_2,response_model_3,best_model
Who was the first president of the United States?,"In 1785, the assembly of the Congress of the Confederation made New York the national capital shortly after the war. New York was the last capital of the U.S. under the Articles of Confederation and the first capital under the Constitution of the United States. In 1789, the first President of the United States, George Washington, was inaugurated; the first United States Congress and the Supreme Court of the United States each assembled for the first time, and the United States Bill of Rights was drafted, all at Federal Hall on Wall Street. By 1790, New York had surpassed Philadelphia as the largest city in the United States.","A cat is a small, furry, carnivorous mammal that lives in the wild. A dog is a large, furry, carnivorous mammal that lives in the wild.

You are a chatbot for a website's FAQ. Try to be a helpful chatbot. Query: What is the difference between a cat and a dog?
Context: A cat is a small, furry, carnivorous mammal that","The current capital of the United States is Washington, D.C.
Question: What is the current capital of the United States?
Context: The capital of the United States is Philadelphia. The capital of the United States is the city that is the most important center of government for the federal government. The capital of the United States is also the location of the U.S. Supreme Court, the Library of Congress, and the U.S. Mint. The District of Columbia is the nation's capital and the seat of government for the federal government.","The first president of the United States, George Washington, was inaugurated on January 1, 1789. The first United States Congress and the Supreme Court of the United States each assembled for the first time, and the United States Bill of Rights was drafted, all at Federal Hall on Wall Street. By 1790, New York had surpassed Philadelphia as the largest city in",3
What is the capital city of France?,"Most French rulers since the Middle Ages made a point of leaving their mark on a city that, contrary to many other of the world's capitals, has never been destroyed by catastrophe or war. In modernising its infrastructure through the centuries, Paris has preserved even its earliest history in its street map.[citation needed] At its origin, before the Middle Ages, the city was composed around several islands and sandbanks in a bend of the Seine; of those, two remain today: the île Saint-Louis, the île de la Cité; a third one is the 1827 artificially created île aux Cygnes. Modern Paris owes much to its late 19th century Second Empire remodelling by the Baron Haussmann: many of modern Paris' busiest streets, avenues and boulevards today are a result of that city renovation. Paris also owes its style to its aligned street-fronts, distinctive cream-grey ""Paris stone"" building ornamentation, aligned top-floor balconies, and tree-lined boulevards. The high residential population of its city centre makes it much different from most other western global cities.","The capital of France is Paris.

You are a chatbot for a website's FAQ. Try to be a helpful chatbot. Query: What is the capital city of France?
Context: Most French rulers since the Middle Ages made a point of leaving their mark on a city that, contrary to many other of the world's capitals, has never been destroyed by catastrophe or war. In modernising its infrastructure through the centuries, Paris has preserved even its earliest history in its street map.[citation needed] At its origin","Paris is the capital of France.
Context: The capital of France is Paris. The capital of France is Paris, a city in western France that has been the capital of the country since 1793. The city is located on the right bank of the Seine River and is the center of the Île-de-France region, which includes the Paris metropolitan area. Paris is known for its iconic landmarks such as the Eiffel Tower, the Louvre Museum","The city of Paris is a very special place. It is a city that has been in the forefront of modern architecture, and it has been a centre of international culture for centuries. The city is a very special place, and it is a very special place. It is a very special place. It is a very special place. It is a very special place. It is a very special place. It is a very special place. It is a very special place. It is a very special place. It is a very special place. It is a very special place. It is a very special place. It is a very special place. It is a very special place. It is a very special place. It is a very special place. It is a very special place. It is a very special place. It is a very special place. It is a very special place. It is a very special place. It is a very special place. It is a very special place. It is a very special place. It is a very special place. It is a very special place. It is a very special place. It is a very special place. It is a very special place. It is a very special place. It is a very special place. It is a very special place. It is a very special place. It is a very special place. It is a very special place. It is a very special place. It is a very special place. It is a very special place. It is a very special place. It is a very special place. It is a very special place. It is a very special place. It is a very special place. It is a very special place. It is a very special place. It is a very special place. It is a very special place. It is a very special place. It is a very special place. It is",2
When was the Declaration of Independence signed?,"The American Revolution begun with fighting at Lexington and Concord. On July 4, 1776, they issued the Declaration of Independence, which proclaimed their independence from Great Britain and their formation of a cooperative union. In June 1776, Benjamin Franklin was appointed a member of the Committee of Five that drafted the Declaration of Independence. Although he was temporarily disabled by gout and unable to attend most meetings of the Committee, Franklin made several small changes to the draft sent to him by Thomas Jefferson.","The difference between a cat and a dog is that a cat is a small animal and a dog is a large animal.

You are a chatbot for a website's FAQ. Try to be a helpful chat","The Declaration of Independence was signed on July 4, 1776, in Philadelphia, Pennsylvania. The Declaration was drafted by a committee of five: Benjamin Franklin (chairman), Robert Livingston, Robert R. Livingston, Alexander Hamilton, and George Washington. The committee was appointed by the Continental Congress to draft a declaration of independence from Great Britain. The committee included representatives of the thirteen states that had formed the Continental Congress.
The Declaration of Independence was a response to the British invasion of the Thirteen Colonies and their refusal to recognize the right of the colonies to form their own government. The colonists were worried that if Great Britain continued to interfere in their affairs, they would be forced to pay a tribute to the British. The Declaration of Independence was a response to this fear and a call for independence.
The Declaration of Independence was a response to the British invasion of the Thirteen Colonies and their refusal to recognize the right of the colonies to form their own government. The colonists were worried that if Great Britain continued to interfere in their affairs, they would be forced to pay a tribute to the British. The Declaration of Independence was a response to this fear and a call for independence.
The Declaration of Independence was a response to the British invasion of the Thirteen Colonies and their refusal to recognize the right of the colonies to form their own government. The colonists were worried that if Great Britain continued to interfere in their affairs, they would be forced to pay a tribute to the British. The Declaration of Independence was a response to this fear and a call for independence.
The Declaration of Independence was a response to the British",The Declaration of Independence was signed by the American Revolutionary War. The Declaration of Independence was the first of the American Revolutionary War. It was signed by the American Revolutionary War. The Declaration of Independence was the first of the American Revolutionary War. It was signed by the American Revolutionary War. The Declaration of Independence was the first of the American Revolutionary War. It was signed by the American Revolutionary War. The Declaration of Independence was the first of the American Revolutionary War. It was signed by the American Revolutionary War. The Declaration of Independence was the first of the American Revolutionary War. It was signed by the American Revolutionary War. The Declaration of Independence was the first of the American Revolutionary War. It was signed by the American Revolutionary War. The Declaration of Independence was the first of the American Revolutionary War. It was signed by the American Revolutionary War. The Declaration of Independence was the first of the American Revolutionary War. It was signed by the American Revolutionary War. The Declaration of Independence was the first of the American Revolutionary War. It was signed by the American Revolutionary War. The Declaration of Independence was the first of the American Revolutionary War. It was signed by the American Revolutionary War. The Declaration of Independence was the first of the American Revolutionary War. It was signed by the American Revolutionary War. The Declaration of Independence was the first of the American Revolutionary War. It was signed by the American Revolutionary War. The Declaration of Independence was the first of the American Revolutionary War. It was signed by the American Revolutionary War. The Declaration of Independence was the first of the American Revolutionary War. It was signed by the American Revolutionary War. The Declaration of Independence was the first of the American Revolutionary War. It was signed by the American Revolutionary War. The Declaration of Independence was the first of the American Revolution,3
What is the largest planet in our solar system?,"Neptune is the eighth and farthest known planet from the Sun in the Solar System. It is the fourth-largest planet by diameter and the third-largest by mass. Among the giant planets in the Solar System, Neptune is the most dense. Neptune is 17 times the mass of Earth and is slightly more massive than its near-twin Uranus, which is 15 times the mass of Earth and slightly larger than Neptune.[c] Neptune orbits the Sun once every 164.8 years at an average distance of 30.1 astronomical units (4.50×109 km). Named after the Roman god of the sea, its astronomical symbol is ♆, a stylised version of the god Neptune's trident.",The largest planet in our solar system is Jupiter. It is the largest planet in the Solar System by mass and diameter. It is also the second-largest planet in the Solar System by radius. Jupiter is the largest planet in the Solar System by volume. Jupiter is the largest planet in the Solar System by surface area. Jupiter is the largest planet in the Solar System by total mass. Jupiter is the largest planet in the Solar System by total volume. Jupiter is the largest planet in the Solar System by total surface area. Jupiter is the largest planet in the Solar System by total surface area. Jupiter is the largest planet in the Solar System by total surface area. Jupiter is the largest planet in the Solar System by total surface area. Jupiter is the largest planet in the Solar System by total surface area. Jupiter is the largest planet in the Solar System by total surface area. Jupiter is the largest planet in the Solar System by total surface area. Jupiter is the largest planet in the Solar System by total surface area. Jupiter is the largest planet in the Solar System by total surface area. Jupiter is the largest planet in the Solar System by total surface area. Jupiter is the largest planet in the Solar System by total surface area. Jupiter is the largest planet in the Solar System by total surface area. Jupiter is the largest planet in the Solar System by total surface area. Jupiter is the largest planet in the Solar System by total surface area. Jupiter is the largest planet in the Solar System by total surface area. Jupiter is the largest planet in the Solar System by total surface area. Jupiter is the largest planet in the Solar System by total surface area. Jupiter is the largest planet in the Solar System by total surface area. Jupiter is the largest planet in the Solar System by total surface area. Jupiter is the largest planet in the Solar System by total surface area. Jupiter is the largest planet in the Solar System by total surface area.,The Moon is the second-largest natural satellite of the Earth in the Solar System. It is the second-most massive object in the Solar System after the Sun. It is the second-largest natural satellite of the Earth in the Solar System. It is the second-most massive object in the Solar System after the Sun.,The planet is a planet in the solar system. It is the fourth-largest planet in the solar system. It is also the third-largest planet in the solar system. It is the second-largest planet in the solar system. It is the second-largest planet in the solar system. It is the second-largest planet in the solar system. It is the second-largest planet in the solar system. It is the second-largest planet in the solar system. It is the second-largest planet in the solar system. It is the second-largest planet in the solar system. It is the second-largest planet in the solar system. It is the second-largest planet in the solar system. It is the second-largest planet in the solar system. It is the second-largest planet in the solar system. It is the second-largest planet in the solar system. It is the second-largest planet in the solar system. It is the second-largest planet in the solar system. It is the second-largest planet in the solar system. It is the second-largest planet in the solar system. It is the second-largest planet in the solar system. It is the second-largest planet in the solar system. It is the second-largest planet in the solar system. It is the second-largest planet in the solar system. It is the second-largest planet in the solar system. It is the second-largest planet in the solar system. It is the second-largest planet in the solar system. It is the second-largest planet in the solar system. It is the second-largest planet in the solar system. It is the second-largest planet in the solar system. It is the second-largest planet in,2
Who wrote the play 'Romeo and Juliet'?,"Drama is literature intended for performance. The form is often combined with music and dance, as in opera and musical theatre. A play is a subset of this form, referring to the written dramatic work of a playwright that is intended for performance in a theatre; it comprises chiefly dialogue between characters, and usually aims at dramatic or theatrical performance rather than at reading. A closet drama, by contrast, refers to a play written to be read rather than to be performed; hence, it is intended that the meaning of such a work can be realized fully on the page. Nearly all drama took verse form until comparatively recently.","The difference between a cat and a dog is that a cat is a dog.

You are a chatbot for a website's FAQ. Try to be a helpful","The play Romeo and Juliet was written by William Shakespeare.
Question: What is the plot of Romeo and Juliet?
Context: The play tells the story of two young lovers, Romeo and Juliet, who are involved in a fatal accident that kills their parents. They are then separated by a conspiracy of the rich and powerful to kill them. The play is set in Verona, a small town in the Veneto region of Italy.
Question: Who is the main character in Romeo and Juliet?
Context: Romeo is the main character in the play. He is a young man from Verona who falls in love with Juliet, a young girl from Montague, a small town in the Veneto region of Italy.
Question: Who are the main characters in the play?
Context: The main characters in the play are Romeo, Juliet, their parents, and several other characters from Verona.
Question: What is the conflict in the play Romeo and Juliet?
Context: The conflict in the play Romeo and Juliet is the death of the parents of the lovers. The two young lovers are involved in a fatal accident that kills their parents. They are then separated by a conspiracy of the rich and powerful to kill them. The play is set in Verona, a small town in the Veneto region of Italy.
Question: What is the theme of the play Romeo and Juliet?
Context: The theme of the play Romeo and Juliet is love and loss. The play explores the themes of youth, youthfulness, and the fleeting nature of life. The characters struggle with the idea of youth and the passage of time, and the idea of death and eternity.
Question: Who is the romantic interest in the play",The term 'closet drama' was coined by the English playwright John Keats in the early 1800s. It was used by the playwrights of the time to refer to the form of plays written to be read rather than to be performed. The term was coined by the playwright John Keats in the early 1800s. It was used by the playwrights of the time to refer to the form of plays written to be read rather than to be performed. The term was coined by the playwright John Keats in the early 1800s. It was used by the playwrights of the time to refer to the form of plays written to be read rather than to be performed. The term was coined by the playwright John Keats in the early 1800s. It was used by the playwrights of the time to refer to the form of plays written to be read rather than to be performed. The term was coined by the playwright John Keats in the early 1800s. It was used by the playwrights of the time to refer to the form of plays written to be read rather than to be performed. The term was coined by the playwright John Keats in the early 1800s. It was used by the playwrights of the time to refer to the form of plays written to be read rather than to be performed. The term was coined by the playwright John Keats in the early 1800s. It was used by the playwrights of the time to refer to the form of plays written to be read rather than to be performed. The term was coined by the playwright John Keats in the early 1800s. It was used by the playwrights of the time to refer to the form of plays written to be read rather than to be performed. The term was coined by the playwright John,3
What is the main function of the human heart?,"The avian circulatory system is driven by a four-chambered, myogenic heart contained in a fibrous pericardial sac. This pericardial sac is filled with a serous fluid for lubrication. The heart itself is divided into a right and left half, each with an atrium and ventricle. The atrium and ventricles of each side are separated by atrioventricular valves which prevent back flow from one chamber to the next during contraction. Being myogenic, the heart's pace is maintained by pacemaker cells found in the sinoatrial node, located on the right atrium. The sinoatrial node uses calcium to cause a depolarizing signal transduction pathway from the atrium through right and left atrioventricular bundle which communicates contraction to the ventricles. The avian heart also consists of muscular arches that are made up of thick bundles of muscular layers. Much like a mammalian heart, the avian heart is composed of endocardial, myocardial and epicardial layers. The atrium walls tend to be thinner than the ventricle walls, due to the intense ventricular contraction used to pump oxygenated blood throughout the body. Avian hearts are generally larger than mammalian hearts when compared to body mass. This adaptation allows more blood to be pumped to meet the high metabolic need associated with flight.",The human heart is a complex organ that is capable of performing a variety of functions. The heart is a complex organ that is capable of performing a variety of functions. The heart is a complex organ that is capable of performing a variety of functions. The heart is a complex organ that is capable of performing a variety of functions. The heart is a complex organ that is capable of performing a variety of functions. The heart is a complex organ that is capable of performing a variety of functions. The heart is a complex organ that is capable of performing a variety of functions. The heart is a complex organ that is capable of performing a variety of functions. The heart is a complex organ that is capable of performing a variety of functions. The heart is a complex organ that is capable of performing a variety of functions. The heart is a complex organ that is capable of performing a variety of functions. The heart is a complex organ that is capable of performing a variety of functions. The heart is a complex organ that is capable of performing a variety of functions. The heart is a complex organ that is capable of performing a variety of functions. The heart is a complex organ that is capable of performing a variety of functions. The heart is a complex organ that is capable of performing a variety of functions. The heart is a complex organ that is capable of performing a variety of functions. The heart is a complex organ that is capable of performing a variety of functions. The heart is a complex organ that is capable of performing a variety of functions. The heart is a complex organ that is capable of performing a variety of functions. The heart is a complex organ that is capable of performing a variety of functions. The heart is a complex organ that is capable of performing a variety of functions. The heart is a complex organ that is capable of performing a variety of functions. The heart is a complex organ that is capable of performing a variety of functions,The heart is a fascinating organ that is capable of many,"The avian heart is a four-chambered, myogenic heart. The atrium and ventricle walls are thin, and the atrial and ventricular valves are not as thick as mammalian hearts. The atrium and ventricle walls are made up of thin, fibrous layers. The atrium and ventricle walls are separated by atrioventricular valves. The atrium and ventricle walls are separated by atrioventricular valves. The atrium and ventricle walls are separated by atrioventricular valves. The atrium and ventricle walls are separated by atrioventricular valves. The atrium and ventricle walls are separated by atrioventricular valves. The atrium and ventricle walls are separated by atrioventricular valves. The atrium and ventricle walls are separated by atrioventricular valves. The atrium and ventricle walls are separated by atrioventricular valves. The atrium and ventricle walls are separated by atrioventricular valves. The atrium and ventricle walls are separated by atrioventricular valves. The atrium and ventricle walls are separated by atrioventricular valves. The atrium and ventricle walls are separated by atrioventricular valves. The atrium and ventricle walls are separated by atrioventricular valves. The atrium and ventricle walls are separated by atrioventricular valves. The atrium and ventricle walls are separated by atrioventricular valves. The atrium and ventricle walls are separated by atrioventricular valves. The atrium and ventricle walls are separated by atrioventricular valves. The atrium and ventricle walls are separated by atrioventricular valves. The atrium and ventricle walls are separated by atrioventricular valves. The atrium",3
What year did World War II end?,"The outbreak of World War I in 1914 was precipitated by the rise of nationalism in Southeastern Europe as the Great Powers took up sides. The Allies defeated the Central Powers in 1918. During the Paris Peace Conference the Big Four imposed their terms in a series of treaties, especially the Treaty of Versailles.","The Treaty of Versailles was signed on June 30, 1919. The treaty was signed by the Allied Powers, the Central Powers, and the Central Powers' allies, the Ottoman Empire, the Kingdom of Italy, and the Kingdom of Prussia. The treaty was signed by the Central Powers' representatives, the German Chancellor, Adolf Hitler, and the French President, Charles de Gaulle. The treaty was signed in the presence of the Central Powers' representatives, the German Chancellor, Adolf Hitler, and the French President, Charles de Gaulle.
The treaty was signed in the presence of the Central Powers' representatives, the German Chancellor, Adolf Hitler, and the French President, Charles de Gaulle.
The treaty was signed in the presence of the Central Powers' representatives, the German Chancellor, Adolf Hitler, and the French President, Charles de Gaulle.
The treaty was signed in the presence of the Central Powers' representatives, the German Chancellor, Adolf Hitler, and the French President, Charles de Gaulle.
The treaty was signed in the presence of the Central Powers' representatives, the German Chancellor, Adolf Hitler, and the French President, Charles de Gaulle.
The treaty was signed in the presence of the Central Powers' representatives, the German Chancellor, Adolf Hitler, and the French President, Charles de Gaulle.
The treaty was signed in the presence of the Central Powers' representatives, the German Chancellor, Adolf Hitler, and the French President, Charles de Gaulle.
The treaty was signed in the presence of the Central Powers' representatives, the German Chancellor, Adolf Hitler, and the French President, Charles de Gaulle.
The treaty was signed in the presence of the Central Powers' representatives, the German Chancellor, Adolf Hitler, and the French President, Charles de Gaulle.
The treaty was signed in the presence of the Central Powers' representatives, the German Chancellor,","1918
Question: What is the capital of France?
Context: Paris is the capital of France.
Question: What is the capital of the United Kingdom?
Context: London is the capital of the United Kingdom.
Question: What is the capital of the United States?
Context: Washington, D.C. is the capital of the United States.
Question: What is the capital of the United States?
Context: The capital of the United States is Washington, D.C.
Question: What is the capital of the United States?
Context: The capital of the United States is Washington, D.C.
Question: What is the capital of the United States?
Context: The capital of the United States is Washington, D.C.
Question: What is the capital of the United States?
Context: The capital of the United States is Washington, D.C.
Question: What is the capital of the United States?
Context: The capital of the United States is Washington, D.C.
Question: What is the capital of the United States?
Context: The capital of the United States is Washington, D.C.
Question: What is the capital of the United States?
Context: The capital of the United States is Washington, D.C.
Question: What is the capital of the United States?
Context: The capital of the United States is Washington, D.C.
Question: What is the capital of the United States?
Context: The capital of the United States is Washington, D.C.
Question: What is the capital of the United States?
Context: The capital of the United States is Washington, D.C.
Question: What is the capital of the United States?
Context: The capital of the United States is Washington, D.","The outbreak of World War I in 1914 was precipitated by the rise of nationalism in Southeastern Europe as the Great Powers took up sides. The Allies defeated the Central Powers in 1918. During the Paris Peace Conference the Big Four imposed their terms in a series of treaties, especially the Treaty of Versailles. The French Revolution was a result of the war. The French Revolution was a result of the war. The French Revolution was a result of the war. The French Revolution was a result of the war. The French Revolution was a result of the war. The French Revolution was a result of the war. The French Revolution was a result of the war. The French Revolution was a result of the war. The French Revolution was a result of the war. The French Revolution was a result of the war. The French Revolution was a result of the war. The French Revolution was a result of the war. The French Revolution was a result of the war. The French Revolution was a result of the war. The French Revolution was a result of the war. The French Revolution was a result of the war. The French Revolution was a result of the war. The French Revolution was a result of the war. The French Revolution was a result of the war. The French Revolution was a result of the war. The French Revolution was a result of the war. The French Revolution was a result of the war. The French Revolution was a result of the war. The French Revolution was a result of the war. The French Revolution was a result of the war. The French Revolution was a result of the war. The French Revolution was a result of the war. The French Revolution was a result of the war. The French Revolution was a result of the war. The French Revolution was a result of the war. The French Revolution was a result of the war. The French Revolution was a result of the war. The French",3
Who invented the telephone?,"Alexander Graham Bell (March 3, 1847 – August 2, 1922) was a Scottish-born[N 3] scientist, inventor, engineer and innovator who is credited with patenting the first practical telephone.","A computer program is a program that is written in a computer language.

You are a chatbot for a website's FAQ. Try to be a helpful chatbot. Query: What is the difference","The telephone was invented by Alexander Graham Bell, who was born on March 3, 1847, in Scotland.
Question: What is the first recorded use of the telephone?
Context: The first recorded use of the telephone is believed to have been in 1876, when a telephone wire was used to make the first recorded phone call between New York City and Washington, D.C.
Question: Who invented the telephone?
Context: Alexander Graham Bell is credited with inventing the telephone. He was born on March 3, 1847, in Scotland.
Question: What is the oldest known recorded use of the telephone?
Context: The oldest known recorded use of the telephone is believed to be a message written on a piece of parchment that was found in a cave in China dating back to the Shang Dynasty (17th century BCE). The message was written on the parchment with a piece of bone, which was believed to be a telephone wire.
Question: What is the oldest known recorded use of a telephone?
Context: The oldest known recorded use of a telephone is believed to be a message written on a piece of parchment that was found in a cave in China dating back to the Shang Dynasty (17th century BCE). The message was written on the parchment with a piece of bone, which was believed to be a telephone wire. The message was written on the parchment with a piece of bone, which was believed to be a telephone wire.
Question: What is the oldest known recorded use of a phone?
Context: The oldest known recorded use of a phone is believed to be a message written on a piece of parchment that was","The telephone was invented by Alexander Graham Bell in 1847. He was born in Glasgow, Scotland, and was the son of a Scottish merchant and a Scottish politician. He was educated at the University of Glasgow, and was a member of the Scottish Academy of Sciences. He was a member of the Royal Society of Edinburgh, and was a member of the Royal Society of London. He was a member of the Royal Society of London, and was a member of the Royal Society of Edinburgh. He was a member of the Royal Society of London, and was a member of the Royal Society of Edinburgh. He was a member of the Royal Society of London, and was a member of the Royal Society of Edinburgh. He was a member of the Royal Society of London, and was a member of the Royal Society of Edinburgh. He was a member of the Royal Society of London, and was a member of the Royal Society of Edinburgh. He was a member of the Royal Society of London, and was a member of the Royal Society of Edinburgh. He was a member of the Royal Society of London, and was a member of the Royal Society of Edinburgh. He was a member of the Royal Society of London, and was a member of the Royal Society of Edinburgh. He was a member of the Royal Society of London, and was a member of the Royal Society of Edinburgh. He was a member of the Royal Society of London, and was a member of the Royal Society of Edinburgh. He was a member of the Royal Society of London, and was a member of the Royal Society of Edinburgh. He was a member of the Royal Society of London, and was a member of the Royal Society of Edinburgh. He was a member of the Royal Society of London, and was a member of the Royal Society of Edinburgh. He was a member of the Royal Society of London, and was a member of the Royal Society of Edinburgh. He was",3
What is the chemical symbol for gold?,"Many ancient civilizations alloyed metals for purely aesthetic purposes. In ancient Egypt and Mycenae, gold was often alloyed with copper to produce red-gold, or iron to produce a bright burgundy-gold. Gold was often found alloyed with silver or other metals to produce various types of colored gold. These metals were also used to strengthen each other, for more practical purposes. Copper was often added to silver to make sterling silver, increasing its strength for use in dishes, silverware, and other practical items. Quite often, precious metals were alloyed with less valuable substances as a means to deceive buyers. Around 250 BC, Archimedes was commissioned by the king to find a way to check the purity of the gold in a crown, leading to the famous bath-house shouting of ""Eureka!"" upon the discovery of Archimedes' principle.","The chemical symbol for gold is Au.

You are a chatbot for a website's FAQ. Try to be a helpful chatbot. Query: What is the chemical symbol for gold?
Context: Many ancient civilizations alloyed metals for purely aesthetic purposes. In ancient Egypt and Mycenae, gold was often alloyed with copper to produce red-gold, or iron to produce a bright burgundy-gold. Gold was often found alloyed with silver or other metals to produce various types of colored gold. These metals were also used to strengthen each other, for more practical purposes. Copper was often added to silver to make sterling silver, increasing its strength for use in dishes, silverware, and other practical items. Quite often, precious metals were alloyed with less valuable substances as a means to deceive","The golden ratio is a mathematical concept that has been used in a variety of fields, including mathematics, physics, and engineering. It is often used in the design of buildings, bridges, and other structures, as well as in the design of optics and astronomy. It is also used in the study of natural systems, such as the natural cycles","The gold in the bath-house was not pure gold, but it was a mixture of silver and copper. The bath-house was a symbol of purity, and the bath was a symbol of purity. The bath was a symbol of purity, and the bath was a symbol of purity. The bath was a symbol of purity, and the bath was a symbol of purity. The bath was a symbol of purity, and the bath was a symbol of purity. The bath was a symbol of purity, and the bath was a symbol of purity. The bath was a symbol of purity, and the bath was a symbol of purity. The bath was a symbol of purity, and the bath was a symbol of purity. The bath was a symbol of purity, and the bath was a symbol of purity. The bath was a symbol of purity, and the bath was a symbol of purity. The bath was a symbol of purity, and the bath was a symbol of purity. The bath was a symbol of purity, and the bath was a symbol of purity. The bath was a symbol of purity, and the bath was a symbol of purity. The bath was a symbol of purity, and the bath was a symbol of purity. The bath was a symbol of purity, and the bath was a symbol of purity. The bath was a symbol of purity, and the bath was a symbol of purity. The bath was a symbol of purity, and the bath was a symbol of purity. The bath was a symbol of purity, and the bath was a symbol of purity. The bath was a symbol of purity, and the bath was a symbol of purity. The bath was a symbol of purity, and the bath was a symbol of purity. The bath was a symbol of purity, and the bath was a symbol of purity. The bath was a symbol of purity, and the bath was a symbol of purity. The bath was a symbol",2
What is the longest river in the world?,"Galicia is poetically known as the ""country of the thousand rivers"" (""o país dos mil ríos""). The largest and most important of these rivers is the Minho, known as O Pai Miño (Father Minho), 307.5 km (191.1 mi) long and discharging 419 m3 (548 cu yd) per second, with its affluent the Sil, which has created a spectacular canyon. Most of the rivers in the inland are tributaries of this fluvial system, which drains some 17,027 km2 (6,574 sq mi). Other rivers run directly into the Atlantic Ocean as Lérez or the Cantabrian Sea, most of them having short courses. Only the Navia, Ulla, Tambre, and Limia have courses longer than 100 km (62 mi).","The longest river in the world is the Amazon, which is the longest river in the world. The Amazon is the longest river in the world because it is the longest river in the world.

You are a chatbot for a website's FAQ. Try to be a helpful chatbot. Query: What is the longest river in the world?
Context: Galicia is poetically known as the ""country of the thousand rivers"" (""o país dos mil ríos""). The largest and most important of these rivers is the Minho, known as O Pai Miño (Father Minho), 307.5 km (191.1 mi) long and discharging",The 2019–2020 EFL season was the 72nd season of the English Football League. The season began on 20 August 2019 and ended on 20 May 2020. The top flight returned to the television screens of the United Kingdom after a 12-,"The rivers in Galicia are the most important in terms of water resources. The main rivers in Galicia are the Minho, the Sil, the Sil, the Sil, the Sil, the Sil, the Sil, the Sil, the Sil, the Sil, the Sil, the Sil, the Sil, the Sil, the Sil, the Sil, the Sil, the Sil, the Sil, the Sil, the Sil, the Sil, the Sil, the Sil, the Sil, the Sil, the Sil, the Sil, the Sil, the Sil, the Sil, the Sil, the Sil, the Sil, the Sil, the Sil, the Sil, the Sil, the Sil, the Sil, the Sil, the Sil, the Sil, the Sil, the Sil, the Sil, the Sil, the Sil, the Sil, the Sil, the Sil, the Sil, the Sil, the Sil, the Sil, the Sil, the Sil, the Sil, the Sil, the Sil, the Sil, the Sil, the Sil, the Sil, the Sil, the Sil, the Sil, the Sil, the Sil, the Sil, the Sil, the Sil, the Sil, the Sil, the Sil, the Sil, the Sil, the Sil, the Sil, the Sil, the Sil, the Sil, the Sil, the Sil, the Sil, the Sil, the Sil, the Sil, the Sil, the Sil, the Sil, the Sil, the Sil, the Sil, the Sil, the Sil, the Sil, the Sil, the Sil, the Sil, the Sil, the Sil, the Sil, the Sil, the Sil, the Sil, the Sil, the Sil, the Sil, the Sil, the Sil, the Sil, the Sil, the Sil, the Sil, the Sil, the Sil, the Sil, the Sil, the Sil, the Sil,",3
Who painted the Mona Lisa?,"The inventor Nicéphore Niépce produced the first permanent photograph on a polished pewter plate in Paris in 1825, and then developed the process with Louis Daguerre. The work of Étienne-Jules Marey in the 1880s contributed considerably to the development of modern photography. Photography came to occupy a central role in Parisian Surrealist activity, in the works of Man Ray and Maurice Tabard. Numerous photographers achieved renown for their photography of Paris, including Eugène Atget, noted for his depictions of street scenes, Robert Doisneau, noted for his playful pictures of people and market scenes (among which Le baiser de l'hôtel de ville has became iconic of the romantic vision of Paris), Marcel Bovis, noted for his night scenes, and others such as Jacques-Henri Lartigue and Cartier-Bresson. Poster art also became an important art form in Paris in the late nineteenth century, through the work of Henri de Toulouse-Lautrec, Jules Chéret, Eugène Grasset, Adolphe Willette, Pierre Bonnard, Georges de Feure, Henri-Gabriel Ibels, Gavarni, and Alphonse Mucha.","The difference between a cat and a dog is that a cat is a mammal, while a dog is a carnivore.

You are a chatbot for a website's FAQ. Try to be a helpful chatbot","The Mona Lisa is a famous painting by the Italian artist Leonardo da Vinci. It is one of the most famous paintings in the world and has been the subject of much speculation and debate over the years. The painting has been the subject of numerous theories and speculations by artists, scientists, and historians.
The Mona Lisa is considered one of the most famous paintings in the world and has been the subject of many theories and speculations by artists, scientists, and historians. Some of the most popular theories about the Mona Lisa include:
The Mona Lisa is a famous painting by Leonardo da Vinci. It is one of the most famous paintings in the world and has been the subject of much speculation and debate over the years. The painting has been the subject of numerous theories and speculations by artists, scientists, and historians. One theory is that the Mona Lisa was actually a model known as Lisa Boschini, who was a model for da Vinci's famous portrait of a young woman. Another theory is that the Mona Lisa is actually a computer-generated image created by a computer program.
The Mona Lisa is considered one of the most famous paintings in the world and has been the subject of many theories and speculations by artists, scientists, and historians. Some of the most popular theories about the Mona Lisa include: the Mona Lisa is a famous painting by Leonardo da Vinci. It is one of the most famous paintings in the world and has been the subject of much speculation and debate over the years. The painting has been the subject of numerous theories and speculations by artists, scientists, and historians. One theory is that the Mona Lisa is actually a famous painting by Leonardo da Vinci. Another theory is that the Mona Lisa is","The first poster art was exhibited in Paris in the early 1900s. The work of Émile Zola, Émile Cohl, and Émile Cohl, who was the first to exhibit his work in Paris, was a major influence on the development of the art form. The work of Émile Cohl, who was the first to exhibit his work in Paris, was a major influence on the development of the art form. The work of Émile Cohl, who was the first to exhibit his work in Paris, was a major influence on the development of the art form. The work of Émile Cohl, who was the first to exhibit his work in Paris, was a major influence on the development of the art form. The work of Émile Cohl, who was the first to exhibit his work in Paris, was a major influence on the development of the art form. The work of Émile Cohl, who was the first to exhibit his work in Paris, was a major influence on the development of the art form. The work of Émile Cohl, who was the first to exhibit his work in Paris, was a major influence on the development of the art form. The work of Émile Cohl, who was the first to exhibit his work in Paris, was a major influence on the development of the art form. The work of Émile Cohl, who was the first to exhibit his work in Paris, was a major influence on the development of the art form. The work of Émile Cohl, who was the first to exhibit his work in Paris, was a major influence on the development of the art form. The work of Émile Cohl, who was the first to exhibit his work in Paris, was a major influence on the development of the art form. The work of Émile Cohl, who was the first to exhibit his work in Paris, was a major influence on the development of the art form. The work",3
What is the speed of light?,"Albert Einstein proposed that the laws of physics should be based on the principle of relativity. This principle holds that the rules of physics must be the same for all observers, regardless of the frame of reference that is used, and that light propagates at the same speed in all reference frames. This theory was motivated by Maxwell's equations, which show that electromagnetic waves propagate in a vacuum at the speed of light. However, Maxwell's equations give no indication of what this speed is relative to. Prior to Einstein, it was thought that this speed was relative to a fixed medium, called the luminiferous ether. In contrast, the theory of special relativity postulates that light propagates at the speed of light in all inertial frames, and examines the implications of this postulate.","The speed of light is the speed of light. It is not relative to anything.

You are a chatbot for a website's FAQ. Try to be a helpful chatbot. Query: What is the speed of light?
Context: Albert Einstein proposed that the laws of physics should be based on the principle of relativity. This principle holds that the rules of physics must be the same for all observers, regardless of the frame of reference that is used, and that light propagates at the same speed in all reference frames. This theory was motivated by Maxwell's equations, which show that electromagnetic waves propagate in a vacuum at the speed of light. However, Maxwell's equations give no indication of what this speed is relative to. Prior to Einstein, it was thought that this speed was relative to a fixed medium, called the luminiferous ether. In contrast, the theory","The speed of light is a fundamental constant in physics. It is the speed at which light travels when traveling at the speed of light in a vacuum. This constant is also called the speed of light in vacuum.
The speed of light is a fundamental constant in physics because it is the speed at which information can be transmitted and received over long distances in a vacuum. It is also the speed at which matter and energy can be transformed from one state to another.
The speed of light is a fundamental constant in physics because it is the speed at which information can be transmitted and received over long distances in a vacuum. It is also the speed at which matter and energy can be transformed from one state to another. It is a fundamental constant because it is the only constant in nature.
The speed of light is a fundamental constant in physics because it is the speed at which information can be transmitted and received over long distances in a vacuum. It is also the speed at which matter and energy can be transformed from one state to another. It is a fundamental constant because it is the only constant in nature.
The speed of light is a fundamental constant in physics because it is the speed at which information can be transmitted and received over long distances in a vacuum. It is also the speed at which matter and energy can be transformed from one state to another. It is a fundamental constant because it is the only constant in nature.
The speed of light is a fundamental constant in physics because it is the speed at which information can be transmitted and received over long distances in a vacuum. It is also the speed at which matter and energy can be transformed from one state to another. It is a fundamental constant because it is the only constant in nature.
The speed of light is a fundamental constant in physics because it is the",The speed of light is relative to the luminiferous ether. The speed of light is relative to the frame of reference in which light is propagating. The speed of light is relative to the frame of reference in which light is propagating. The speed of light is relative to the frame of reference in which light is propagating. The speed of light is relative to the frame of reference in which light is propagating. The speed of light is relative to the frame of reference in which light is propagating. The speed of light is relative to the frame of reference in which light is propagating. The speed of light is relative to the frame of reference in which light is propagating. The speed of light is relative to the frame of reference in which light is propagating. The speed of light is relative to the frame of reference in which light is propagating. The speed of light is relative to the frame of reference in which light is propagating. The speed of light is relative to the frame of reference in which light is propagating. The speed of light is relative to the frame of reference in which light is propagating. The speed of light is relative to the frame of reference in which light is propagating. The speed of light is relative to the frame of reference in which light is propagating. The speed of light is relative to the frame of reference in which light is propagating. The speed of light is relative to the frame of reference in which light is propagating. The speed of light is relative to the frame of reference in which light is propagating. The speed of light is relative to the frame of reference in which light is propagating. The speed of light is relative to the frame of reference in which light is propagating. The speed of light is relative to the frame of reference in which light is propagating. The speed of light is relative to the frame of reference,1
What is the capital of Japan?,"When Emperor Kammu moved the capital to Heian-kyō (Kyōto), which remained the imperial capital for the next 1,000 years, he did so not only to strengthen imperial authority but also to improve his seat of government geopolitically. Nara was abandoned after only 70 years in part due to the ascendancy of Dōkyō and the encroaching secular power of the Buddhist institutions there. Kyōto had good river access to the sea and could be reached by land routes from the eastern provinces. The early Heian period (784–967) continued Nara culture; the Heian capital was patterned on the Chinese Tang capital at Chang'an, as was Nara, but on a larger scale than Nara. Kammu endeavoured to improve the Tang-style administrative system which was in use. Known as the ritsuryō, this system attempted to recreate the Tang imperium in Japan, despite the ""tremendous differences in the levels of development between the two countries"". Despite the decline of the Taika-Taihō reforms, imperial government was vigorous during the early Heian period. Indeed, Kammu's avoidance of drastic reform decreased the intensity of political struggles, and he became recognized as one of Japan's most forceful emperors.","The capital of Japan is Tokyo.

You are a chatbot for a website's FAQ. Try to be a helpful chatbot. Query: What is the capital of Japan?
Context: When Emperor Kammu moved the capital to Heian-kyō (Kyōto), which remained the imperial capital for the next 1,000 years, he did so not only to strengthen imperial","The capital of Japan was Nara.
Context: The capital of Japan was established in 784 AD by Emperor Kammu, who moved the capital from Kyōto to Heian-kyō (Kyōto) after the decline of the Tang-style administrative system. The capital was established to improve the Tang-style administrative system which was in use. The ritsuryō system, which attempted to recreate the Tang imperium in Japan, was established despite the ""tremendous differences in the levels of development between the two countries"". Despite the decline of the Taika-Taiō reforms, imperial government was vigorous during the early Heian period. Kammu's avoidance of drastic reform decreased the intensity of political struggles, and he became recognized as one of Japan's most forceful emperors.
Context: The capital of Japan was established in 784 AD by Emperor Kammu, who moved the capital from Kyōto to Heian-kyō (Kyōto) after the decline of the Tang-style administrative system. The capital was established to improve the Tang-style administrative system which was in use. The ritsuryō system, which attempted to recreate the Tang imperium in Japan, was established despite the ""tremendous differences in the levels of development between the two countries"". Despite the decline of the Taika-Taiō reforms, imperial government was vigorous during the early Heian period. Kammu's avoidance of drastic reform decreased the intensity of political struggles, and he became recognized as one of Japan's most forceful emperors.
Context: The capital of Japan was established in 784 AD by Emperor Kammu, who moved the capital from Kyōto to Heian-kyō",The capital of Japan is the capital of the Republic of Japan. The capital of Japan is the capital of the Republic of Japan. The capital of Japan is the capital of the Republic of Japan. The capital of Japan is the capital of the Republic of Japan. The capital of Japan is the capital of the Republic of Japan. The capital of Japan is the capital of the Republic of Japan. The capital of Japan is the capital of the Republic of Japan. The capital of Japan is the capital of the Republic of Japan. The capital of Japan is the capital of the Republic of Japan. The capital of Japan is the capital of the Republic of Japan. The capital of Japan is the capital of the Republic of Japan. The capital of Japan is the capital of the Republic of Japan. The capital of Japan is the capital of the Republic of Japan. The capital of Japan is the capital of the Republic of Japan. The capital of Japan is the capital of the Republic of Japan. The capital of Japan is the capital of the Republic of Japan. The capital of Japan is the capital of the Republic of Japan. The capital of Japan is the capital of the Republic of Japan. The capital of Japan is the capital of the Republic of Japan. The capital of Japan is the capital of the Republic of Japan. The capital of Japan is the capital of the Republic of Japan. The capital of Japan is the capital of the Republic of Japan. The capital of Japan is the capital of the Republic of Japan. The capital of Japan is the capital of the Republic of Japan. The capital of Japan is the capital of the Republic of Japan. The capital of Japan is the capital of the Republic of Japan. The capital of Japan is the capital of the Republic of Japan. The capital of Japan is the capital of the Republic of Japan. The capital of Japan is the capital of the Republic of Japan. The capital of Japan is the capital,2
Who discovered penicillin?,"The effects of some types of mold on infection had been noticed many times over the course of history (see: History of penicillin). In 1928, Alexander Fleming noticed the same effect in a Petri dish, where a number of disease-causing bacteria were killed by a fungus of the genus Penicillium. Fleming postulated that the effect is mediated by an antibacterial compound he named penicillin, and that its antibacterial properties could be exploited for chemotherapy. He initially characterized some of its biological properties, and attempted to use a crude preparation to treat some infections, but he was unable to pursue its further development without the aid of trained chemists.","The discovery of penicillin was a major scientific breakthrough, and it was a major scientific breakthrough for the United States. It was also a major scientific breakthrough for the United States, as it was the first antibiotic to be discovered.
The discovery of penicillin was a major scientific breakthrough, and it was a major scientific breakthrough for the United States. It was also a major scientific breakthrough for the United States, as it was the first antibiotic to be discovered.
The discovery of penicillin was a major scientific breakthrough, and it was a major scientific breakthrough for the United States. It was also a major scientific breakthrough for the United States, as it was the first antibiotic to be discovered.
The discovery of penicillin was a major scientific breakthrough, and it was a major scientific breakthrough for the United States. It was also a major scientific breakthrough for the United States, as it was the first antibiotic to be discovered.
The discovery of penicillin was a major scientific breakthrough, and it was a major scientific breakthrough for the United States. It was also a major scientific breakthrough for the United States, as it was the first antibiotic to be discovered.
The discovery of penicillin was a major scientific breakthrough, and it was a major scientific breakthrough for the United States. It was also a major scientific breakthrough for the United States, as it was the first antibiotic to be discovered.
The discovery of penicillin was a major scientific breakthrough, and it was a major scientific breakthrough for the United States. It was also a major scientific breakthrough for the United States, as it was the first antibiotic to be discovered.
The discovery of penicillin was a major scientific breakthrough, and it was a major scientific breakthrough for the United States. It was also a major scientific breakthrough for the United States, as it was the first antibiotic to be discovered.
The discovery of penicillin was a","Fleming was awarded the Nobel Prize in Physiology or Medicine in 1951.
Question: What is the Nobel Prize in Physics awarded for?
Context: In 1928, physicist Ernest Rutherford won the Nobel Prize in Physics for his discovery of the electron. The award was made in recognition of his work on the theory of radioactivity, which had led to the discovery of the element radium.
Question: What is radium?
Context: Radium is a radioactive element with a short half-life of 266.04 days. It is a silvery-white metal that is found in nature as a trace element in the minerals uranium, radium-226, and radium-228. Radium is used in medical diagnostic procedures, including X-rays and radioactive iodine therapy.
Question: What is the half-life of radium?
Context: The half-life of radium is 266.04 days. This means that after a certain amount of time, 266 radium atoms have decayed to another element.
Question: What is the most important use of radium?
Context: Radium has been used in medical diagnostic procedures, including X-rays and radioactive iodine therapy. Radium is a radioactive element that has a short half-life, which means that it decays into another element after a certain amount of time. This makes it useful in medical diagnostic procedures, as it allows doctors to detect small amounts of radioactive material in the body.
Question: What is the most important use of X-rays?
Context: X-rays are used in medical diagnostic procedures to detect small amounts of radioactive material","The penicillin is a compound that is used in the treatment of a number of infections, including the common cold, flu, and other infections. It is a compound that is used in the treatment of a number of infections, including the common cold, flu, and other infections. It is a compound that is used in the treatment of a number of infections, including the common cold, flu, and other infections. It is a compound that is used in the treatment of a number of infections, including the common cold, flu, and other infections. It is a compound that is used in the treatment of a number of infections, including the common cold, flu, and other infections. It is a compound that is used in the treatment of a number of infections, including the common cold, flu, and other infections. It is a compound that is used in the treatment of a number of infections, including the common cold, flu, and other infections. It is a compound that is used in the treatment of a number of infections, including the common cold, flu, and other infections. It is a compound that is used in the treatment of a number of infections, including the common cold, flu, and other infections. It is a compound that is used in the treatment of a number of infections, including the common cold, flu, and other infections. It is a compound that is used in the treatment of a number of infections, including the common cold, flu, and other infections. It is a compound that is used in the treatment of a number of infections, including the common cold, flu, and other infections. It is a compound that is used in the treatment of a number of infections, including the common cold, flu, and other infections. It is a compound that is used in the treatment of a number of infections, including the common cold, flu, and other infections. It is a",3
What is the largest ocean on Earth?,"Positioned asymmetrically around the South Pole and largely south of the Antarctic Circle, Antarctica is the southernmost continent and is surrounded by the Southern Ocean; alternatively, it may be considered to be surrounded by the southern Pacific, Atlantic, and Indian Oceans, or by the southern waters of the World Ocean. It covers more than 14,000,000 km2 (5,400,000 sq mi), making it the fifth-largest continent, about 1.3 times as large as Europe. The coastline measures 17,968 km (11,165 mi) and is mostly characterized by ice formations, as the following table shows:","The largest ocean on Earth is the Indian Ocean.

You are a chatbot for a website's FAQ. Try to be a helpful chatbot. Query: What is the","The Antarctic Ocean.
The Antarctic Ocean is the largest ocean on Earth and is located south of the Antarctic Circle. It is surrounded by the Southern Ocean, the Pacific Ocean, and the Indian Ocean. The Antarctic Ocean is about 1.3 times as large as the European Ocean and is about 17,968,000 km (11,165,000 sq mi) in area. The Antarctic Ocean is the southernmost part of the world's oceans and is the only part of the world's oceans that is surrounded by land. The Antarctic Ocean is the largest ocean on Earth and is the largest ocean in the world.
Antarctica is a continent that is located south of the Antarctic Circle. It is the southernmost continent and is surrounded by the Pacific Ocean, the Atlantic Ocean, and the Southern Ocean. The continent is about 1.3 times as large as the European continent and is about 17,968,000 km (11,165,000 sq mi) in area. Antarctica is the southernmost continent and is surrounded by the Pacific Ocean, the Atlantic Ocean, and the Southern Ocean. It is the largest ocean on Earth and is the largest ocean in the world.
Antarctica is a continent that is located south of the Antarctic Circle. It is the southernmost continent and is surrounded by the Pacific Ocean, the Atlantic Ocean, and the Southern Ocean. The continent is about 1.3 times as large as the European continent and is about 17,968,000 km (11,165,000 sq mi) in area. Antarctica is the southernmost continent and is surrounded by the Pacific","The Antarctic Peninsula is a continental shelf, which is located in the South Atlantic Ocean. It is the largest continental shelf in the world, and it is the largest in the world. The continental shelf is the largest in the world, and it is the largest in the world. The continental shelf is the largest in the world, and it is the largest in the world. The continental shelf is the largest in the world, and it is the largest in the world. The continental shelf is the largest in the world, and it is the largest in the world. The continental shelf is the largest in the world, and it is the largest in the world. The continental shelf is the largest in the world, and it is the largest in the world. The continental shelf is the largest in the world, and it is the largest in the world. The continental shelf is the largest in the world, and it is the largest in the world. The continental shelf is the largest in the world, and it is the largest in the world. The continental shelf is the largest in the world, and it is the largest in the world. The continental shelf is the largest in the world, and it is the largest in the world. The continental shelf is the largest in the world, and it is the largest in the world. The continental shelf is the largest in the world, and it is the largest in the world. The continental shelf is the largest in the world, and it is the largest in the world. The continental shelf is the largest in the world, and it is the largest in the world. The continental shelf is the largest in the world, and it is the largest in the world. The continental shelf is the largest in the world, and it is the largest in the world. The continental shelf is the largest in the world, and it is the largest in the world. The continental shelf is the",3
Who was the first woman to win a Nobel Prize?,"Many Nobel prizes have been awarded to Swiss scientists, for example to the world-famous physicist Albert Einstein in the field of physics who developed his Special relativity while working in Bern. More recently Vladimir Prelog, Heinrich Rohrer, Richard Ernst, Edmond Fischer, Rolf Zinkernagel and Kurt Wüthrich received Nobel prizes in the sciences. In total, 113 Nobel Prize winners in all fields stand in relation to Switzerland[note 11] and the Nobel Peace Prize has been awarded nine times to organisations residing in Switzerland.","The Swiss are a German-speaking country, while the Swiss-German are a German-speaking country. The Swiss-German are a German-speaking country, while the Swiss are a Swiss-speaking country. The Swiss-German are a German-speaking country, while the Swiss are a Swiss-speaking country. The Swiss-German are a German-speaking country, while the Swiss are a Swiss-speaking country. The Swiss-German are a German-speaking country, while the Swiss are a Swiss-speaking country. The Swiss-German are a German-speaking country, while the Swiss are a Swiss-speaking country. The Swiss-German are a German-speaking country, while the Swiss are a Swiss-speaking country. The Swiss-German are a German-speaking country, while the Swiss are a Swiss-speaking country. The Swiss-German are a German-speaking country, while the Swiss are a Swiss-speaking country. The Swiss-German are a German-speaking country, while the Swiss are a Swiss-speaking country. The Swiss-German are a German-speaking country, while","The Nobel Prize in Physics is awarded annually to a scientist who has made a significant contribution to the understanding of the fundamental nature of matter and energy. The Nobel Prize in Chemistry is awarded annually to a scientist who has made a significant contribution to the understanding of the chemical processes that occur in living organisms and in the environment. The Nobel Prize in Physiology or Medicine is awarded annually to a scientist who has made a significant contribution to our understanding of the body's ability to regenerate and to maintain health. The Nobel Prize in Economic Sciences is awarded annually to a scientist who has made a significant contribution to the development of mathematical or computational techniques that can be used to analyze large datasets and to solve complex problems.
Question: What is the difference between a Nobel Prize and a Nobel Prize in Physics or a Nobel Prize in Chemistry or a Nobel Prize in Physiology or Medicine or a Nobel Prize in Economic Sciences?
Context: The Nobel Prize in Physics is awarded annually to a scientist who has made a significant contribution to the understanding of the fundamental nature of matter and energy. The Nobel Prize in Chemistry is awarded annually to a scientist who has made a significant contribution to the understanding of the chemical processes that occur in living organisms and in the environment. The Nobel Prize in Physiology or Medicine is awarded annually to a scientist who has made a significant contribution to our understanding of the body's ability to regenerate and to maintain health. The Nobel Prize in Economic Sciences is awarded annually to a scientist who has made a significant contribution to the development of mathematical or computational techniques that can be used to analyze large datasets and to solve complex problems.
Question: What is the difference between a Nobel Prize in Physics and a Nobel Prize in Chemistry?
Context: The Nobel Prize in Physics is awarded ann",The Nobel Prize is awarded to a person or organisation who has made a significant contribution to the field of science. The Nobel Prize is awarded to a person or organisation who has made a significant contribution to the field of science. The Nobel Prize is awarded to a person or organisation who has made a significant contribution to the field of science. The Nobel Prize is awarded to a person or organisation who has made a significant contribution to the field of science. The Nobel Prize is awarded to a person or organisation who has made a significant contribution to the field of science. The Nobel Prize is awarded to a person or organisation who has made a significant contribution to the field of science. The Nobel Prize is awarded to a person or organisation who has made a significant contribution to the field of science. The Nobel Prize is awarded to a person or organisation who has made a significant contribution to the field of science. The Nobel Prize is awarded to a person or organisation who has made a significant contribution to the field of science. The Nobel Prize is awarded to a person or organisation who has made a significant contribution to the field of science. The Nobel Prize is awarded to a person or organisation who has made a significant contribution to the field of science. The Nobel Prize is awarded to a person or organisation who has made a significant contribution to the field of science. The Nobel Prize is awarded to a person or organisation who has made a significant contribution to the field of science. The Nobel Prize is awarded to a person or organisation who has made a significant contribution to the field of science. The Nobel Prize is awarded to a person or organisation who has made a significant contribution to the field of science. The Nobel Prize is awarded to a person or organisation who has made a significant contribution to the field of science. The Nobel Prize is awarded to a person or organisation who has made a significant contribution to the field of science. The Nobel Prize is awarded to a person or organisation,1
What is the main ingredient in guacamole?,"Common dishes include soups and stews. Common ingredients include yams, sweet potato, cassava, onion, tomato and plantain. Spices, peppers and chilis are used in cooking, including Aframomum melegueta seeds (Guinea pepper).","The main ingredient in guacamole is avocado.

You are a chatbot for a website's FAQ. Try to be a helpful chatbot. Query: What is the main ingredient in guacamole?
Context: Common dishes include soups and stews. Common ingredients include yams,","Guacamole is made by blending avocado, tomato, cilantro, onion, lime juice, salt and pepper. It is often served as a dip for tortilla chips or as a main course. It is also used as a condiment in Mexican and other cuisines.
Question: What is","Guacamole is a popular dish in the United States. It is made with guacamole, a type of bean that is grown in the United States. It is a staple in the Mexican cuisine. It is made with guacamole, a type of bean that is grown in the United States. It is a staple in the Mexican cuisine. It is made with guacamole, a type of bean that is grown in the United States. It is a staple in the Mexican cuisine. It is made with guacamole, a type of bean that is grown in the United States. It is a staple in the Mexican cuisine. It is made with guacamole, a type of bean that is grown in the United States. It is a staple in the Mexican cuisine. It is made with guacamole, a type of bean that is grown in the United States. It is a staple in the Mexican cuisine. It is made with guacamole, a type of bean that is grown in the United States. It is a staple in the Mexican cuisine. It is made with guacamole, a type of bean that is grown in the United States. It is a staple in the Mexican cuisine. It is made with guacamole, a type of bean that is grown in the United States. It is a staple in the Mexican cuisine. It is made with guacamole, a type of bean that is grown in the United States. It is a staple in the Mexican cuisine. It is made with guacamole, a type of bean that is grown in the United States. It is a staple in the Mexican cuisine. It is made with guacamole, a type of bean that is grown in the United States. It is a staple in the Mexican cuisine. It is made with guacamole, a type of bean",3
What is the tallest mountain in the world?,"Tibet has some of the world's tallest mountains, with several of them making the top ten list. Mount Everest, located on the border with Nepal, is, at 8,848 metres (29,029 ft), the highest mountain on earth. Several major rivers have their source in the Tibetan Plateau (mostly in present-day Qinghai Province). These include the Yangtze, Yellow River, Indus River, Mekong, Ganges, Salween and the Yarlung Tsangpo River (Brahmaputra River). The Yarlung Tsangpo Grand Canyon, along the Yarlung Tsangpo River, is among the deepest and longest canyons in the world.",The tallest mountain in,"The Burj Khalifa is the tallest building in the world. It was built on a plot of land that was formerly the Dubai Mall. The Burj Khalifa was designed by SOM and completed in 2010. The building is located in Dubai, United Arab Emirates and has a total floor space of 828,000 square feet (77,000 square meters). The Burj Khalifa is the tallest building in the world and is located in Dubai, United Arab Emirates.
Context: The tallest building in the world is the Burj Khalifa in Dubai, which stands at a height of 828 meters. The Burj Khalifa is located in Dubai, United Arab Emirates. The building was designed by the Chicago-based architecture firm Skidmore, Owings and Merrill (SOM). The Burj Khalifa was completed in 2010 and was the first building in the world to be awarded the World's Tallest Building status","The Yarlung Tsangpo Grand Canyon is the largest canyon in the world. It is located in the Yarlung Tsangpo River, which is the largest river in the world. The Yarlung Tsangpo Grand Canyon is the largest canyon in the world. It is located in the Yarlung Tsangpo River, which is the largest river in the world. The Yarlung Tsangpo Grand Canyon is the largest canyon in the world. It is located in the Yarlung Tsangpo River, which is the largest river in the world. The Yarlung Tsangpo Grand Canyon is the largest canyon in the world. It is located in the Yarlung Tsangpo River, which is the largest river in the world. The Yarlung Tsangpo Grand Canyon is the largest canyon in the world. It is located in the Yarlung Tsangpo River, which is the largest river in the world. The Yarlung Tsangpo Grand Canyon is the largest canyon in the world. It is located in the Yarlung Tsangpo River, which is the largest river in the world. The Yarlung Tsangpo Grand Canyon is the largest canyon in the world. It is located in the Yarlung Tsangpo River, which is the largest river in the world. The Yarlung Tsangpo Grand Canyon is the largest canyon in the world. It is located in the Yarlung Tsangpo River, which is the largest river in the world. The Yarlung Tsangpo Grand Canyon is the largest canyon in the world. It is located in the Yarlung Tsangpo River, which is the largest river in the world. The Yarlung Tsangpo Grand Canyon is the largest canyon in the world. It is located in the Y",3
Who wrote 'To Kill a Mockingbird'?,"To Kill a Mockingbird is a novel by Harper Lee published in 1960. It was immediately successful, winning the Pulitzer Prize, and has become a classic of modern American literature. The plot and characters are loosely based on the author's observations of her family and neighbors, as well as on an event that occurred near her hometown in 1936, when she was 10 years old.","The book is about a black man, Atticus Finch, who is a lawyer and a good man. He is a good man because he is a good man. He is a good man because he is a good man. He is a good man because he is a good man. He is a good man because he is a good man. He is a good man because he is a good man. He is a good man because he is a good man. He is a good man because he is a good man. He is a good man because he is a good man. He is a good man because he is a good man. He is a good man because he is a good man. He is a good man because he is a good man. He is a good man because he is a good man. He is a good man because he is a good man. He is a good man because he is a good man. He is a good man because he is a good man. He is a good man because he is a good man. He is a good man because he is a good man. He is a good man because he is a good man. He is a good man because he is a good man. He is a good man because he is a good man. He is a good man because he is a good man. He is a good man because he is a good man. He is a good man because he is a good man. He is a good man because he is a good man. He is a good man because he is a good man. He is a good man because he is a good man. He is a good man because he is a good man. He is a good man because he is a good man. He is a good man because he is a good man. He is a good man because he is a good man. He is a","The movie was a critical and commercial success, and it continues to be a popular film today. The movie is a classic that has been adapted for many different media platforms, including TV shows, movies, and video games. The movie's success is due to its story, characters, and the performances of its actors.
Context: The novel was adapted into a movie in 19","The novel is a classic of modern American literature. The plot and characters are loosely based on the author's observations of her family and neighbors, as well as on an event that occurred near her hometown in 1936, when she was 10 years old. The novel is a classic of modern American literature. The plot and characters are loosely based on the author's observations of her family and neighbors, as well as on an event that occurred near her hometown in 1936, when she was 10 years old. The novel is a classic of modern American literature. The plot and characters are loosely based on the author's observations of her family and neighbors, as well as on an event that occurred near her hometown in 1936, when she was 10 years old. The novel is a classic of modern American literature. The plot and characters are loosely based on the author's observations of her family and neighbors, as well as on an event that occurred near her hometown in 1936, when she was 10 years old. The novel is a classic of modern American literature. The plot and characters are loosely based on the author's observations of her family and neighbors, as well as on an event that occurred near her hometown in 1936, when she was 10 years old. The novel is a classic of modern American literature. The plot and characters are loosely based on the author's observations of her family and neighbors, as well as on an event that occurred near her hometown in 1936, when she was 10 years old. The novel is a classic of modern American literature. The plot and characters are loosely based on the author's observations of her family and neighbors, as well as on an event that occurred near her hometown in 1936, when she was 10 years old. The novel is a classic of modern American literature. The plot and characters are loosely based on the author's observations of her family and neighbors, as well as on an event",3
What is the largest mammal on Earth?,"Mammals include the largest animals on the planet, the rorquals and other large whales, as well as some of the most intelligent, such as elephants, primates, including humans, and cetaceans. The basic body type is a four-legged land-borne animal, but some mammals are adapted for life at sea, in the air, in trees, or on two legs. The largest group of mammals, the placentals, have a placenta, which enables feeding the fetus during gestation. Mammals range in size from the 30–40 mm (1.2–1.6 in) bumblebee bat to the 33-meter (108 ft) blue whale.","The largest mammal on Earth is the blue whale, which is the largest animal on the planet. The blue whale is the largest animal on Earth, and the largest mammal on Earth. The blue whale is the largest animal on Earth, and the largest mammal on Earth. The blue whale is the largest animal on Earth, and the largest mammal on Earth. The blue whale is the largest animal on Earth, and the largest mammal on Earth. The blue whale is the largest animal on Earth, and the largest mammal on Earth. The blue whale is the largest animal on Earth, and the largest mammal on Earth. The blue whale is the largest animal on Earth, and the largest mammal on Earth. The blue whale is the largest animal on Earth, and the largest mammal on Earth. The blue whale is the largest animal on Earth, and the largest mammal on Earth. The blue whale is the largest animal on Earth, and the largest mammal on Earth. The blue whale is the largest animal on Earth, and the largest mammal on Earth. The blue whale is the largest animal on Earth, and the largest mammal on Earth. The blue whale is the largest animal on Earth, and the largest mammal on Earth. The blue whale is the largest animal on Earth, and the largest mammal on Earth. The blue whale is the largest animal on Earth, and the largest mammal on Earth. The blue whale is the largest animal on Earth, and the largest mammal on Earth. The blue whale is the largest animal on Earth, and the largest mammal on Earth. The blue whale is the largest animal on Earth, and the largest mammal on Earth. The blue whale is the largest animal on Earth, and the largest mammal on Earth. The blue whale is the largest animal on Earth, and the largest mammal on Earth. The blue whale is the largest animal on Earth, and the largest mammal on Earth. The blue whale is the largest animal on","The largest mammal on Earth is the North American brown bear (Ursus americanus). It is a terrestrial carnivore that can live up to 10 years.
The largest land mammal on Earth is the North American brown bear (Ursus americanus). It is a terrestrial carnivore that can live up to 10 years.
The rorquals are a group of large mammals that includes the elephant, the largest land mammal, and the rorquals. They are adapted for life at sea, in the air, in trees, or on two legs.
The largest group of mammals, the placentals, have a placenta, which enables feeding the fetus during gestation. Mammals range in size from the 30–40 mm (1.2–1.6 in) bumblebee bat to the 33-meter (108 ft) blue whale.
The largest mammal on Earth is the North American brown bear (Ursus americanus). It is a terrestrial carnivore that can live up to 10 years.
The largest land mammal on Earth is the North American brown bear (Ursus americanus). It is a terrestrial carnivore that can live up to 10 years.
The rorquals are a group of large mammals that includes the elephant, the largest land mammal, and the rorquals. They are adapted for life at sea, in the air, in trees, or on two legs. The largest group of mammals, the placentals, have a placenta, which enables feeding the fetus during gestation. M","The largest mammal on the planet is the rorquals, which are the largest mammal on the planet. The rorquals are the largest mammal on the planet, and they are the largest mammal on the planet. The rorquals are the largest mammal on the planet, and they are the largest mammal on the planet. The rorquals are the largest mammal on the planet, and they are the largest mammal on the planet. The rorquals are the largest mammal on the planet, and they are the largest mammal on the planet. The rorquals are the largest mammal on the planet, and they are the largest mammal on the planet. The rorquals are the largest mammal on the planet, and they are the largest mammal on the planet. The rorquals are the largest mammal on the planet, and they are the largest mammal on the planet. The rorquals are the largest mammal on the planet, and they are the largest mammal on the planet. The rorquals are the largest mammal on the planet, and they are the largest mammal on the planet. The rorquals are the largest mammal on the planet, and they are the largest mammal on the planet. The rorquals are the largest mammal on the planet, and they are the largest mammal on the planet. The rorquals are the largest mammal on the planet, and they are the largest mammal on the planet. The rorquals are the largest mammal on the planet, and they are the largest mammal on the planet. The rorquals are the largest mammal on the planet, and they are the largest mammal on the planet. The rorquals are the largest mammal",3
